species;body_size;synonym;class;corrected_status;corrected_code;corrected_agreg_ts
Pelophylax grafi;NA;Pelophylax;Amphibia;Near Threatened;NT;not_threatened
Pelophylax hispanicus;NA;Pelophylax lessonae;Amphibia;Least Concern;LC;not_threatened
Atylodes genei;3.92;Speleomantes genei;Amphibia;Vulnerable;VU;threatened
Bombina pachypus;NA;Bombina variegata;Amphibia;Least Concern;LC;not_threatened
Discoglossus jeanneae;NA;Discoglossus galganoi;Amphibia;Least Concern;LC;not_threatened
Mesotriton alpestris;NA;Ichthyosaura alpestris;Amphibia;Least Concern;LC;not_threatened
Pelophylax esculentus;NA;Pelophylax lessonae;Amphibia;Least Concern;LC;not_threatened
Pseudepidalea balearica;NA;Bufotes balearicus;Amphibia;Least Concern;LC;not_threatened
Pseudepidalea boulengeri;NA;Bufotes boulengeri;Amphibia;Least Concern;LC;not_threatened
Pseudepidalea sicula;NA;Bufotes siculus;Amphibia;Least Concern;LC;not_threatened
Pseudepidalea variabilis;NA;Bufotes viridis;Amphibia;Least Concern;LC;not_threatened
Pseudepidalea viridis;75.00;Bufotes viridis;Amphibia;Least Concern;LC;not_threatened
Alytes cisternasii;6.10;NA;Amphibia;Least Concern;LC;not_threatened
Alytes obstetricans;13.40;NA;Amphibia;Least Concern;LC;not_threatened
Bombina bombina;5.90;NA;Amphibia;Least Concern;LC;not_threatened
Bombina variegata;6.77;NA;Amphibia;Least Concern;LC;not_threatened
Bufo bufo;164.75;NA;Amphibia;Least Concern;LC;not_threatened
Calotriton asper;7.10;NA;Amphibia;Least Concern;LC;not_threatened
Discoglossus galganoi;21.80;NA;Amphibia;Least Concern;LC;not_threatened
Discoglossus pictus;22.05;NA;Amphibia;Least Concern;LC;not_threatened
Discoglossus sardus;NA;Discoglossus sardus;Amphibia;Least Concern;LC;not_threatened
Epidalea calamita;62.70;NA;Amphibia;Least Concern;LC;not_threatened
Euproctus montanus;2.50;NA;Amphibia;Least Concern;LC;not_threatened
Hyla arborea;9.50;NA;Amphibia;Least Concern;LC;not_threatened
Hyla intermedia;6.27;NA;Amphibia;Least Concern;LC;not_threatened
Hyla meridionalis;3.11;NA;Amphibia;Least Concern;LC;not_threatened
Hyla sarda;4.00;NA;Amphibia;Least Concern;LC;not_threatened
Hyla savignyi;NA;Hyla savignyi;Amphibia;Least Concern;LC;not_threatened
Lissotriton boscai;1.77;NA;Amphibia;Least Concern;LC;not_threatened
Lissotriton helveticus;1.80;NA;Amphibia;Least Concern;LC;not_threatened
Lissotriton italicus;0.98;NA;Amphibia;Least Concern;LC;not_threatened
Lissotriton montandoni;2.60;NA;Amphibia;Least Concern;LC;not_threatened
Lissotriton vulgaris;3.10;NA;Amphibia;Least Concern;LC;not_threatened
Ommatotriton vittatus;8.10;NA;Amphibia;Least Concern;LC;not_threatened
Pelobates fuscus;29.40;NA;Amphibia;Least Concern;LC;not_threatened
Pelobates syriacus;NA;Pelobates syriacus;Amphibia;Least Concern;LC;not_threatened
Pelodytes ibericus;4.87;NA;Amphibia;Least Concern;LC;not_threatened
Pelodytes punctatus;3.03;NA;Amphibia;Least Concern;LC;not_threatened
Pelophylax bedriagae;NA;Pelophylax bedriagae;Amphibia;Least Concern;LC;not_threatened
Pelophylax bergeri;NA;Pelophylax bergeri;Amphibia;Least Concern;LC;not_threatened
Pelophylax kurtmuelleri;NA;Pelophylax kurtmuelleri;Amphibia;Least Concern;LC;not_threatened
Pelophylax lessonae;75.40;NA;Amphibia;Least Concern;LC;not_threatened
Pelophylax perezi;31.80;NA;Amphibia;Least Concern;LC;not_threatened
Pelophylax ridibundus;75.40;NA;Amphibia;Least Concern;LC;not_threatened
Rana arvalis;10.80;NA;Amphibia;Least Concern;LC;not_threatened
Rana dalmatina;31.90;NA;Amphibia;Least Concern;LC;not_threatened
Rana graeca;NA;Rana graeca;Amphibia;Least Concern;LC;not_threatened
Rana italica;NA;Rana italica;Amphibia;Least Concern;LC;not_threatened
Rana macrocnemis;11.30;NA;Amphibia;Least Concern;LC;not_threatened
Rana temporaria;47.60;NA;Amphibia;Least Concern;LC;not_threatened
Salamandra atra;8.20;NA;Amphibia;Least Concern;LC;not_threatened
Salamandra corsica;NA;Salamandra corsica;Amphibia;Least Concern;LC;not_threatened
Salamandra salamandra;35.80;NA;Amphibia;Least Concern;LC;not_threatened
Salamandrella keyserlingii;6.90;NA;Amphibia;Least Concern;LC;not_threatened
Salamandrina terdigitata;NA;Salamandra terdigitata;Amphibia;Least Concern;LC;not_threatened
Triturus carnifex;18.40;NA;Amphibia;Least Concern;LC;not_threatened
Triturus cristatus;15.00;NA;Amphibia;Least Concern;LC;not_threatened
Triturus dobrogicus;9.40;NA;Amphibia;Least Concern;LC;not_threatened
Triturus karelinii;10.50;NA;Amphibia;Least Concern;LC;not_threatened
Triturus marmoratus;9.80;NA;Amphibia;Least Concern;LC;not_threatened
Bufo verrucosissimus;NA;Bufo verrucosissimus;Amphibia;Near Threatened;NT;not_threatened
Chioglossa lusitanica;4.20;NA;Amphibia;Near Threatened;NT;not_threatened
Discoglossus montalentii;NA;Discoglossus montalentii;Amphibia;Near Threatened;NT;not_threatened
Ommatotriton ophryticus;NA;Ommatotriton ophryticus;Amphibia;Near Threatened;NT;not_threatened
Pelodytes caucasicus;NA;Pelodytes caucasicus;Amphibia;Near Threatened;NT;not_threatened
Pelophylax caralitanus;135.00;NA;Amphibia;Near Threatened;NT;not_threatened
Pelophylax epeiroticus;59.02;NA;Amphibia;Near Threatened;NT;not_threatened
Pleurodeles waltl;25.80;NA;Amphibia;Near Threatened;NT;not_threatened
Salamandra infraimmaculata;125.00;NA;Amphibia;Near Threatened;NT;not_threatened
Speleomantes imperialis;3.92;NA;Amphibia;Near Threatened;NT;not_threatened
Triturus pygmaeus;NA;Triturus pygmaeus;Amphibia;Near Threatened;NT;not_threatened
Calotriton arnoldi;NA;Calotriton arnoldi;Amphibia;Critically Endangered;CE;threatened
Pelophylax cerigensis;NA;Pelophylax cerigensis;Amphibia;Critically Endangered;CE;threatened
Salamandra lanzai;19.30;NA;Amphibia;Critically Endangered;CE;threatened
Speleomantes ambrosii;2.26;NA;Amphibia;Critically Endangered;CE;threatened
Speleomantes sarrabusensis;NA;Speleomantes sarrabusensis;Amphibia;Critically Endangered;CE;threatened
Lyciasalamandra billae;NA;Lyciasalamandra billae;Amphibia;Endangered;EN;threatened
Alytes dickhilleni;NA;Alytes dickhilleni;Amphibia;Endangered;EN;threatened
Alytes muletensis;2.31;NA;Amphibia;Endangered;EN;threatened
Lyciasalamandra antalyana;NA;Lyciasalamandra antalyana;Amphibia;Endangered;EN;threatened
Lyciasalamandra atifi;NA;Lyciasalamandra atifi;Amphibia;Endangered;EN;threatened
Lyciasalamandra fazilae;NA;Lyciasalamandra fazilae;Amphibia;Endangered;EN;threatened
Lyciasalamandra flavimembris;NA;Lyciasalamandra flavimembris;Amphibia;Endangered;EN;threatened
Rana pyrenaica;NA;Rana pyrenaica;Amphibia;Endangered;EN;threatened
Rana tavasensis;NA;Rana tavasensis;Amphibia;Endangered;EN;threatened
Salamandrina perspicillata;NA;Salamandrina perspicillata;Amphibia;Endangered;EN;threatened
Speleomantes flavus;NA;Speleomantes flavus;Amphibia;Endangered;EN;threatened
Speleomantes italicus;2.88;NA;Amphibia;Endangered;EN;threatened
Speleomantes strinatii;NA;Speleomantes strinatii;Amphibia;Endangered;EN;threatened
Speleomantes supramontis;5.08;NA;Amphibia;Endangered;EN;threatened
Euproctus platycephalus;5.10;NA;Amphibia;Vulnerable;VU;threatened
Lyciasalamandra helverseni;NA;Lyciasalamandra helverseni;Amphibia;Vulnerable;VU;threatened
Lyciasalamandra luschani;7.80;NA;Amphibia;Vulnerable;VU;threatened
Mertensiella caucasica;9.80;NA;Amphibia;Vulnerable;VU;threatened
Neurergus crocatus;13.40;NA;Amphibia;Vulnerable;VU;threatened
Neurergus strauchii;NA;Neurergus strauchii;Amphibia;Vulnerable;VU;threatened
Pelobates cultripes;40.00;NA;Amphibia;Vulnerable;VU;threatened
Pelophylax cretensis;NA;Pelophylax cretensis;Amphibia;Vulnerable;VU;threatened
Proteus anguinus;17.00;NA;Amphibia;Vulnerable;VU;threatened
Rana iberica;10.60;NA;Amphibia;Vulnerable;VU;threatened
Rana latastei;18.70;NA;Amphibia;Vulnerable;VU;threatened
Triturus macedonicus;NA;Triturus macedonicus;Amphibia;Vulnerable;VU;threatened
Carduelis hornemanni;15.20;Acanthis flammea, Acanthis hornemanni, Carduelis flammea;Aves;Least Concern;LC;not_threatened
Aquila pomarina;1359.41;Clanga pomarina;Aves;Least Concern;LC;not_threatened
Carduelis cannabina;19.53;Linaria cannabina;Aves;Least Concern;LC;not_threatened
Chettusia leucura;NA;Vanellus leucurus;Aves;Least Concern;LC;not_threatened
Tetrao mlokosiewiczi;813.99;Lyrurus mlokosiewiczi;Aves;Near Threatened;NT;not_threatened
Sylvia undata;10.80;Curruca undata;Aves;Near Threatened;NT;not_threatened
Aquila clanga;2154.29;Clanga clanga;Aves;Vulnerable;VU;threatened
Nyctea scandiaca;NA;Bubo scandiacus;Aves;Vulnerable;VU;threatened
Oceanodroma leucorhoa;36.71;Hydrobates leucorhous;Aves;Vulnerable;VU;threatened
Anas clypeata;612.56;Spatula clypeata;Aves;Least Concern;LC;not_threatened
Anas penelope;770.03;Mareca penelope;Aves;Least Concern;LC;not_threatened
Anas querquedula;325.60;Spatula querquedula;Aves;Least Concern;LC;not_threatened
Anas strepera;915.58;Mareca strepera;Aves;Least Concern;LC;not_threatened
Apus melba;NA;Tachymarptis melba;Aves;Least Concern;LC;not_threatened
Bonasa bonasia;429.00;Tetrastes bonasia;Aves;Least Concern;LC;not_threatened
Calandrella cheleensis;22.20;Alaudala cheleensis;Aves;Least Concern;LC;not_threatened
Calandrella rufescens;24.10;Alaudala rufescens;Aves;Least Concern;LC;not_threatened
Carduelis chloris;26.00;Chloris chloris;Aves;Least Concern;LC;not_threatened
Carduelis flammea;13.00;Acanthis flammea;Aves;Least Concern;LC;not_threatened
Carduelis flavirostris;15.40;Linaria flavirostris;Aves;Least Concern;LC;not_threatened
Carduelis spinus;13.24;Spinus spinus;Aves;Least Concern;LC;not_threatened
Charadrius morinellus;108.50;Eudromias morinellus;Aves;Least Concern;LC;not_threatened
Dendrocopos medius;59.00;Leiopicus medius;Aves;Least Concern;LC;not_threatened
Dendrocopos minor;19.80;Dryobates minor;Aves;Least Concern;LC;not_threatened
Egretta alba;NA;Ardea alba;Aves;Least Concern;LC;not_threatened
Hieraaetus fasciatus;NA;Aquila fasciata;Aves;Least Concern;LC;not_threatened
Hippolais caligata;8.90;Iduna caligata;Aves;Least Concern;LC;not_threatened
Hippolais pallida;9.00;Iduna pallida;Aves;Least Concern;LC;not_threatened
Hirundo daurica;22.20;Cecropis daurica;Aves;Least Concern;LC;not_threatened
Hoplopterus indicus;NA;Vanellus indicus;Aves;Least Concern;LC;not_threatened
Hoplopterus spinosus;NA;Vanellus spinosus;Aves;Least Concern;LC;not_threatened
Larus minutus;118.00;Hydrocoloeus minutus;Aves;Least Concern;LC;not_threatened
Larus sabini;NA;Xema sabini;Aves;Least Concern;LC;not_threatened
Limicola falcinellus;37.10;Calidris falcinellus;Aves;Least Concern;LC;not_threatened
Luscinia calliope;18.50;Calliope calliope;Aves;Least Concern;LC;not_threatened
Melanocorypha leucoptera;45.30;Alauda leucoptera;Aves;Least Concern;LC;not_threatened
Miliaria calandra;48.50;Emberiza calandra;Aves;Least Concern;LC;not_threatened
Parus ater;9.20;Periparus ater;Aves;Least Concern;LC;not_threatened
Parus caeruleus;13.30;Cyanistes caeruleus;Aves;Least Concern;LC;not_threatened
Parus cinctus;11.40;Poecile cinctus;Aves;Least Concern;LC;not_threatened
Parus cristatus;11.04;Lophophanes cristatus;Aves;Least Concern;LC;not_threatened
Parus cyanus;14.62;Cyanistes cyanus;Aves;Least Concern;LC;not_threatened
Parus lugubris;15.80;Poecile lugubris;Aves;Least Concern;LC;not_threatened
Parus montanus;11.10;Poecile montanus;Aves;Least Concern;LC;not_threatened
Parus palustris;11.14;Poecile palustris;Aves;Least Concern;LC;not_threatened
Petronia brachydactyla;22.30;Carpospiza brachydactyla;Aves;Least Concern;LC;not_threatened
Phalacrocorax aristotelis;1764.34;Gulosus aristotelis;Aves;Least Concern;LC;not_threatened
Phalacrocorax pygmaeus;NA;Microcarbo pygmaeus;Aves;Least Concern;LC;not_threatened
Philomachus pugnax;131.68;Calidris pugnax;Aves;Least Concern;LC;not_threatened
Porzana parva;49.70;Zapornia parva;Aves;Least Concern;LC;not_threatened
Porzana pusilla;35.40;Zapornia pusilla;Aves;Least Concern;LC;not_threatened
Regulus ignicapillus;NA;Regulus ignicapilla;Aves;Least Concern;LC;not_threatened
Saxicola torquata;NA;Saxicola torquatus;Aves;Least Concern;LC;not_threatened
Serinus citrinella;NA;Carduelis citrinella;Aves;Least Concern;LC;not_threatened
Stercorarius skua;1420.25;Catharacta skua;Aves;Least Concern;LC;not_threatened
Sterna albifrons;57.00;Sternula albifrons;Aves;Least Concern;LC;not_threatened
Sterna bengalensis;209.00;Thalasseus bengalensis;Aves;Least Concern;LC;not_threatened
Sterna caspia;655.00;Hydroprogne caspia;Aves;Least Concern;LC;not_threatened
Sterna fuscata;185.72;Onychoprion fuscatus;Aves;Least Concern;LC;not_threatened
Sterna sandvicensis;199.83;Thalasseus sandvicensis;Aves;Least Concern;LC;not_threatened
Streptopelia senegalensis;NA;Spilopelia senegalensis;Aves;Least Concern;LC;not_threatened
Sturnus roseus;72.97;Pastor roseus;Aves;Least Concern;LC;not_threatened
Sylvia cantillans;9.60;Curruca cantillans;Aves;Least Concern;LC;not_threatened
Sylvia communis;15.10;Curruca communis;Aves;Least Concern;LC;not_threatened
Sylvia conspicillata;9.00;Curruca conspicillata;Aves;Least Concern;LC;not_threatened
Sylvia curruca;11.44;Curruca curruca;Aves;Least Concern;LC;not_threatened
Sylvia hortensis;21.90;Curruca hortensis;Aves;Least Concern;LC;not_threatened
Sylvia melanocephala;11.70;Curruca melanocephala;Aves;Least Concern;LC;not_threatened
Sylvia melanothorax;11.40;Curruca melanothorax;Aves;Least Concern;LC;not_threatened
Sylvia mystacea;9.90;Curruca mystacea;Aves;Least Concern;LC;not_threatened
Sylvia nisoria;22.50;Curruca nisoria;Aves;Least Concern;LC;not_threatened
Sylvia rueppelli;12.84;Curruca ruppeli;Aves;Least Concern;LC;not_threatened
Sylvia sarda;9.80;Curruca sarda;Aves;Least Concern;LC;not_threatened
Tetrao tetrix;1068.66;Lyrurus tetrix;Aves;Least Concern;LC;not_threatened
Turnix sylvatica;NA;Turnix sylvaticus;Aves;Least Concern;LC;not_threatened
Accipiter brevipes;186.48;NA;Aves;Least Concern;LC;not_threatened
Accipiter gentilis;866.04;NA;Aves;Least Concern;LC;not_threatened
Accipiter nisus;220.79;NA;Aves;Least Concern;LC;not_threatened
Acrocephalus agricola;9.60;NA;Aves;Least Concern;LC;not_threatened
Acrocephalus arundinaceus;30.00;NA;Aves;Least Concern;LC;not_threatened
Acrocephalus dumetorum;11.20;NA;Aves;Least Concern;LC;not_threatened
Acrocephalus melanopogon;10.90;NA;Aves;Least Concern;LC;not_threatened
Acrocephalus palustris;11.50;NA;Aves;Least Concern;LC;not_threatened
Acrocephalus schoenobaenus;11.83;NA;Aves;Least Concern;LC;not_threatened
Acrocephalus scirpaceus;12.30;NA;Aves;Least Concern;LC;not_threatened
Actitis hypoleucos;48.00;NA;Aves;Least Concern;LC;not_threatened
Aegithalos caudatus;8.60;NA;Aves;Least Concern;LC;not_threatened
Aegolius funereus;137.18;NA;Aves;Least Concern;LC;not_threatened
Alauda arvensis;37.31;NA;Aves;Least Concern;LC;not_threatened
Alca torda;725.99;NA;Aves;Least Concern;LC;not_threatened
Alcedo atthis;31.09;NA;Aves;Least Concern;LC;not_threatened
Alectoris barbara;416.33;NA;Aves;Least Concern;LC;not_threatened
Alectoris chukar;502.10;NA;Aves;Least Concern;LC;not_threatened
Alle alle;180.73;NA;Aves;Least Concern;LC;not_threatened
Ammomanes deserti;23.80;NA;Aves;Least Concern;LC;not_threatened
Ammoperdix griseogularis;201.86;NA;Aves;Least Concern;LC;not_threatened
Anas acuta;944.62;NA;Aves;Least Concern;LC;not_threatened
Anas crecca;341.89;NA;Aves;Least Concern;LC;not_threatened
Anas platyrhynchos;843.42;NA;Aves;Least Concern;LC;not_threatened
Anser albifrons;2506.39;NA;Aves;Least Concern;LC;not_threatened
Anser anser;3302.41;NA;Aves;Least Concern;LC;not_threatened
Anser brachyrhynchus;2642.04;NA;Aves;Least Concern;LC;not_threatened
Anser fabalis;2754.73;NA;Aves;Least Concern;LC;not_threatened
Anthropoides virgo;NA;Anthropoides virgo;Aves;Least Concern;LC;not_threatened
Anthus berthelotii;15.86;NA;Aves;Least Concern;LC;not_threatened
Anthus campestris;23.00;NA;Aves;Least Concern;LC;not_threatened
Anthus cervinus;20.90;NA;Aves;Least Concern;LC;not_threatened
Anthus hodgsoni;21.30;NA;Aves;Least Concern;LC;not_threatened
Anthus petrosus;22.40;NA;Aves;Least Concern;LC;not_threatened
Anthus pratensis;18.40;NA;Aves;Least Concern;LC;not_threatened
Anthus spinoletta;23.90;NA;Aves;Least Concern;LC;not_threatened
Anthus trivialis;23.33;NA;Aves;Least Concern;LC;not_threatened
Apus affinis;22.57;NA;Aves;Least Concern;LC;not_threatened
Apus apus;37.60;NA;Aves;Least Concern;LC;not_threatened
Apus pallidus;41.90;NA;Aves;Least Concern;LC;not_threatened
Aquila chrysaetos;4247.97;NA;Aves;Least Concern;LC;not_threatened
Ardea cinerea;1443.00;NA;Aves;Least Concern;LC;not_threatened
Ardea purpurea;1064.48;NA;Aves;Least Concern;LC;not_threatened
Ardeola ralloides;287.00;NA;Aves;Least Concern;LC;not_threatened
Arenaria interpres;135.98;NA;Aves;Least Concern;LC;not_threatened
Asio flammeus;322.61;NA;Aves;Least Concern;LC;not_threatened
Asio otus;296.57;NA;Aves;Least Concern;LC;not_threatened
Athene noctua;168.92;NA;Aves;Least Concern;LC;not_threatened
Aythya fuligula;701.17;NA;Aves;Least Concern;LC;not_threatened
Aythya marila;1005.37;NA;Aves;Least Concern;LC;not_threatened
Bombycilla garrulus;54.41;NA;Aves;Least Concern;LC;not_threatened
Botaurus stellaris;1319.45;NA;Aves;Least Concern;LC;not_threatened
Branta bernicla;1277.91;NA;Aves;Least Concern;LC;not_threatened
Branta leucopsis;1683.97;NA;Aves;Least Concern;LC;not_threatened
Bubo bubo;2668.51;NA;Aves;Least Concern;LC;not_threatened
Bubulcus ibis;365.95;NA;Aves;Least Concern;LC;not_threatened
Bucanetes githagineus;19.60;NA;Aves;Least Concern;LC;not_threatened
Bucanetes mongolicus;21.90;NA;Aves;Least Concern;LC;not_threatened
Bucephala clangula;918.56;NA;Aves;Least Concern;LC;not_threatened
Bucephala islandica;921.21;NA;Aves;Least Concern;LC;not_threatened
Burhinus oedicnemus;459.00;NA;Aves;Least Concern;LC;not_threatened
Buteo buteo;759.10;NA;Aves;Least Concern;LC;not_threatened
Buteo lagopus;949.76;NA;Aves;Least Concern;LC;not_threatened
Buteo rufinus;1166.18;NA;Aves;Least Concern;LC;not_threatened
Calandrella brachydactyla;21.06;NA;Aves;Least Concern;LC;not_threatened
Calcarius lapponicus;27.84;NA;Aves;Least Concern;LC;not_threatened
Calidris alba;51.71;NA;Aves;Least Concern;LC;not_threatened
Calidris alpina;51.89;NA;Aves;Least Concern;LC;not_threatened
Calidris maritima;65.10;NA;Aves;Least Concern;LC;not_threatened
Calidris melanotos;79.73;NA;Aves;Least Concern;LC;not_threatened
Calidris minuta;21.10;NA;Aves;Least Concern;LC;not_threatened
Calidris temminckii;23.00;NA;Aves;Least Concern;LC;not_threatened
Caprimulgus europaeus;67.00;NA;Aves;Least Concern;LC;not_threatened
Carduelis carduelis;16.00;NA;Aves;Least Concern;LC;not_threatened
Carpodacus erythrinus;23.97;NA;Aves;Least Concern;LC;not_threatened
Carpodacus rubicilla;43.20;NA;Aves;Least Concern;LC;not_threatened
Cepphus grylle;378.00;NA;Aves;Least Concern;LC;not_threatened
Certhia brachydactyla;8.20;NA;Aves;Least Concern;LC;not_threatened
Certhia familiaris;9.00;NA;Aves;Least Concern;LC;not_threatened
Ceryle rudis;84.37;NA;Aves;Least Concern;LC;not_threatened
Cettia cetti;13.22;NA;Aves;Least Concern;LC;not_threatened
Charadrius alexandrinus;42.30;NA;Aves;Least Concern;LC;not_threatened
Charadrius asiaticus;77.09;NA;Aves;Least Concern;LC;not_threatened
Charadrius dubius;38.70;NA;Aves;Least Concern;LC;not_threatened
Charadrius hiaticula;64.04;NA;Aves;Least Concern;LC;not_threatened
Charadrius leschenaultii;74.80;NA;Aves;Least Concern;LC;not_threatened
Chlidonias hybrida;83.67;NA;Aves;Least Concern;LC;not_threatened
Chlidonias leucopterus;54.20;NA;Aves;Least Concern;LC;not_threatened
Chlidonias niger;65.30;NA;Aves;Least Concern;LC;not_threatened
Ciconia ciconia;3445.80;NA;Aves;Least Concern;LC;not_threatened
Ciconia nigra;2926.00;NA;Aves;Least Concern;LC;not_threatened
Cinclus cinclus;61.47;NA;Aves;Least Concern;LC;not_threatened
Circaetus gallicus;1699.12;NA;Aves;Least Concern;LC;not_threatened
Circus aeruginosus;704.07;NA;Aves;Least Concern;LC;not_threatened
Circus cyaneus;392.98;NA;Aves;Least Concern;LC;not_threatened
Circus pygargus;310.75;NA;Aves;Least Concern;LC;not_threatened
Cisticola juncidis;6.81;NA;Aves;Least Concern;LC;not_threatened
Clamator glandarius;143.00;NA;Aves;Least Concern;LC;not_threatened
Coccothraustes coccothraustes;56.63;NA;Aves;Least Concern;LC;not_threatened
Columba livia;354.20;NA;Aves;Least Concern;LC;not_threatened
Columba oenas;290.79;NA;Aves;Least Concern;LC;not_threatened
Columba palumbus;490.00;NA;Aves;Least Concern;LC;not_threatened
Coracias garrulus;146.00;NA;Aves;Least Concern;LC;not_threatened
Corvus corax;927.97;NA;Aves;Least Concern;LC;not_threatened
Corvus corone;570.00;NA;Aves;Least Concern;LC;not_threatened
Corvus frugilegus;452.10;NA;Aves;Least Concern;LC;not_threatened
Coturnix coturnix;96.28;NA;Aves;Least Concern;LC;not_threatened
Crex crex;154.91;NA;Aves;Least Concern;LC;not_threatened
Cuculus canorus;111.36;NA;Aves;Least Concern;LC;not_threatened
Cuculus saturatus;87.00;NA;Aves;Least Concern;LC;not_threatened
Cyanopica cyanus;95.91;NA;Aves;Least Concern;LC;not_threatened
Cygnus columbianus;6377.96;NA;Aves;Least Concern;LC;not_threatened
Cygnus cygnus;9349.99;NA;Aves;Least Concern;LC;not_threatened
Cygnus olor;10682.04;NA;Aves;Least Concern;LC;not_threatened
Delichon urbicum;14.50;NA;Aves;Least Concern;LC;not_threatened
Dendrocopos leucotos;116.80;NA;Aves;Least Concern;LC;not_threatened
Dendrocopos major;74.94;NA;Aves;Least Concern;LC;not_threatened
Dendrocopos syriacus;76.70;NA;Aves;Least Concern;LC;not_threatened
Dryocopus martius;321.00;NA;Aves;Least Concern;LC;not_threatened
Egretta garzetta;312.00;NA;Aves;Least Concern;LC;not_threatened
Elanus caeruleus;259.76;NA;Aves;Least Concern;LC;not_threatened
Emberiza bruniceps;24.80;NA;Aves;Least Concern;LC;not_threatened
Emberiza buchanani;21.20;NA;Aves;Least Concern;LC;not_threatened
Emberiza caesia;19.90;NA;Aves;Least Concern;LC;not_threatened
Emberiza cia;23.43;NA;Aves;Least Concern;LC;not_threatened
Emberiza cirlus;25.60;NA;Aves;Least Concern;LC;not_threatened
Emberiza citrinella;29.70;NA;Aves;Least Concern;LC;not_threatened
Emberiza hortulana;19.90;NA;Aves;Least Concern;LC;not_threatened
Emberiza leucocephalos;28.50;NA;Aves;Least Concern;LC;not_threatened
Emberiza melanocephala;28.31;NA;Aves;Least Concern;LC;not_threatened
Emberiza pallasi;13.96;NA;Aves;Least Concern;LC;not_threatened
Emberiza pusilla;14.57;NA;Aves;Least Concern;LC;not_threatened
Emberiza schoeniclus;18.40;NA;Aves;Least Concern;LC;not_threatened
Eremophila alpestris;33.33;NA;Aves;Least Concern;LC;not_threatened
Erithacus rubecula;17.70;NA;Aves;Least Concern;LC;not_threatened
Falco biarmicus;606.09;NA;Aves;Least Concern;LC;not_threatened
Falco columbarius;188.50;NA;Aves;Least Concern;LC;not_threatened
Falco eleonorae;390.00;NA;Aves;Least Concern;LC;not_threatened
Falco naumanni;152.06;NA;Aves;Least Concern;LC;not_threatened
Falco peregrinus;759.95;NA;Aves;Least Concern;LC;not_threatened
Falco rusticolus;1431.72;NA;Aves;Least Concern;LC;not_threatened
Falco subbuteo;208.17;NA;Aves;Least Concern;LC;not_threatened
Falco tinnunculus;183.21;NA;Aves;Least Concern;LC;not_threatened
Ficedula albicollis;12.69;NA;Aves;Least Concern;LC;not_threatened
Ficedula hypoleuca;13.79;NA;Aves;Least Concern;LC;not_threatened
Ficedula parva;10.80;NA;Aves;Least Concern;LC;not_threatened
Ficedula semitorquata;14.40;NA;Aves;Least Concern;LC;not_threatened
Francolinus francolinus;452.07;NA;Aves;Least Concern;LC;not_threatened
Fringilla coelebs;23.81;NA;Aves;Least Concern;LC;not_threatened
Fringilla montifringilla;23.19;NA;Aves;Least Concern;LC;not_threatened
Fulica atra;717.12;NA;Aves;Least Concern;LC;not_threatened
Fulica cristata;826.00;NA;Aves;Least Concern;LC;not_threatened
Fulmarus glacialis;611.94;NA;Aves;Least Concern;LC;not_threatened
Galerida cristata;42.68;NA;Aves;Least Concern;LC;not_threatened
Galerida theklae;38.17;NA;Aves;Least Concern;LC;not_threatened
Gallinago gallinago;112.94;NA;Aves;Least Concern;LC;not_threatened
Gallinago stenura;113.00;NA;Aves;Least Concern;LC;not_threatened
Gallinula chloropus;339.63;NA;Aves;Least Concern;LC;not_threatened
Garrulus glandarius;159.46;NA;Aves;Least Concern;LC;not_threatened
Gavia arctica;2251.10;NA;Aves;Least Concern;LC;not_threatened
Gavia immer;4956.81;NA;Aves;Least Concern;LC;not_threatened
Gavia stellata;1486.00;NA;Aves;Least Concern;LC;not_threatened
Gelochelidon nilotica;220.50;NA;Aves;Least Concern;LC;not_threatened
Glareola pratincola;84.90;NA;Aves;Least Concern;LC;not_threatened
Glaucidium passerinum;57.87;NA;Aves;Least Concern;LC;not_threatened
Grus grus;5499.99;NA;Aves;Least Concern;LC;not_threatened
Gymnoris xanthocollis;18.10;NA;Aves;Least Concern;LC;not_threatened
Gyps fulvus;7435.99;NA;Aves;Least Concern;LC;not_threatened
Halcyon smyrnensis;91.40;NA;Aves;Least Concern;LC;not_threatened
Haliaeetus albicilla;4729.27;NA;Aves;Least Concern;LC;not_threatened
Hieraaetus pennatus;823.75;NA;Aves;Least Concern;LC;not_threatened
Himantopus himantopus;176.82;NA;Aves;Least Concern;LC;not_threatened
Hippolais icterina;13.20;NA;Aves;Least Concern;LC;not_threatened
Hippolais languida;12.00;NA;Aves;Least Concern;LC;not_threatened
Hippolais olivetorum;17.50;NA;Aves;Least Concern;LC;not_threatened
Hippolais polyglotta;11.00;NA;Aves;Least Concern;LC;not_threatened
Hirundo rustica;17.91;NA;Aves;Least Concern;LC;not_threatened
Histrionicus histrionicus;561.57;NA;Aves;Least Concern;LC;not_threatened
Hydrobates pelagicus;25.20;NA;Aves;Least Concern;LC;not_threatened
Irania gutturalis;21.60;NA;Aves;Least Concern;LC;not_threatened
Ixobrychus minutus;99.49;NA;Aves;Least Concern;LC;not_threatened
Jynx torquilla;34.96;NA;Aves;Least Concern;LC;not_threatened
Lagopus lagopus;566.86;NA;Aves;Least Concern;LC;not_threatened
Lagopus muta;535.30;NA;Aves;Least Concern;LC;not_threatened
Lanius collurio;28.44;NA;Aves;Least Concern;LC;not_threatened
Lanius excubitor;63.41;NA;Aves;Least Concern;LC;not_threatened
Lanius minor;46.49;NA;Aves;Least Concern;LC;not_threatened
Lanius nubicus;19.70;NA;Aves;Least Concern;LC;not_threatened
Larus argentatus;1090.99;NA;Aves;Least Concern;LC;not_threatened
Larus armenicus;866.99;NA;Aves;Least Concern;LC;not_threatened
Larus cachinnans;1111.89;NA;Aves;Least Concern;LC;not_threatened
Larus canus;412.53;NA;Aves;Least Concern;LC;not_threatened
Larus fuscus;762.36;NA;Aves;Least Concern;LC;not_threatened
Larus glaucoides;693.31;NA;Aves;Least Concern;LC;not_threatened
Larus hyperboreus;1529.04;NA;Aves;Least Concern;LC;not_threatened
Larus marinus;1649.71;NA;Aves;Least Concern;LC;not_threatened
Locustella fluviatilis;16.10;NA;Aves;Least Concern;LC;not_threatened
Locustella lanceolata;10.60;NA;Aves;Least Concern;LC;not_threatened
Locustella luscinioides;13.89;NA;Aves;Least Concern;LC;not_threatened
Locustella naevia;13.30;NA;Aves;Least Concern;LC;not_threatened
Loxia curvirostra;38.29;NA;Aves;Least Concern;LC;not_threatened
Loxia leucoptera;28.69;NA;Aves;Least Concern;LC;not_threatened
Loxia pytyopsittacus;53.00;NA;Aves;Least Concern;LC;not_threatened
Loxia scotica;43.17;NA;Aves;Least Concern;LC;not_threatened
Lullula arborea;26.90;NA;Aves;Least Concern;LC;not_threatened
Luscinia luscinia;23.80;NA;Aves;Least Concern;LC;not_threatened
Luscinia megarhynchos;19.60;NA;Aves;Least Concern;LC;not_threatened
Luscinia svecica;17.23;NA;Aves;Least Concern;LC;not_threatened
Lymnocryptes minimus;50.07;NA;Aves;Least Concern;LC;not_threatened
Melanitta nigra;1049.98;NA;Aves;Least Concern;LC;not_threatened
Melanocorypha bimaculata;54.10;NA;Aves;Least Concern;LC;not_threatened
Melanocorypha calandra;61.60;NA;Aves;Least Concern;LC;not_threatened
Mergellus albellus;608.55;NA;Aves;Least Concern;LC;not_threatened
Mergus merganser;1451.02;NA;Aves;Least Concern;LC;not_threatened
Mergus serrator;1015.17;NA;Aves;Least Concern;LC;not_threatened
Merops apiaster;56.60;NA;Aves;Least Concern;LC;not_threatened
Merops superciliosus;38.50;NA;Aves;Least Concern;LC;not_threatened
Milvus migrans;734.10;NA;Aves;Least Concern;LC;not_threatened
Milvus milvus;1071.77;NA;Aves;Least Concern;LC;not_threatened
Monticola saxatilis;50.30;NA;Aves;Least Concern;LC;not_threatened
Monticola solitarius;53.65;NA;Aves;Least Concern;LC;not_threatened
Montifringilla nivalis;36.90;NA;Aves;Least Concern;LC;not_threatened
Morus bassanus;2998.74;NA;Aves;Least Concern;LC;not_threatened
Motacilla alba;23.93;NA;Aves;Least Concern;LC;not_threatened
Motacilla cinerea;17.15;NA;Aves;Least Concern;LC;not_threatened
Motacilla citreola;19.11;NA;Aves;Least Concern;LC;not_threatened
Motacilla flava;17.68;NA;Aves;Least Concern;LC;not_threatened
Muscicapa striata;15.90;NA;Aves;Least Concern;LC;not_threatened
Netta rufina;1118.00;NA;Aves;Least Concern;LC;not_threatened
Nucifraga caryocatactes;182.51;NA;Aves;Least Concern;LC;not_threatened
Numenius phaeopus;364.57;NA;Aves;Least Concern;LC;not_threatened
Nycticorax nycticorax;810.00;NA;Aves;Least Concern;LC;not_threatened
Oenanthe chrysopygia;22.70;NA;Aves;Least Concern;LC;not_threatened
Oenanthe cypriaca;16.61;NA;Aves;Least Concern;LC;not_threatened
Oenanthe deserti;19.84;NA;Aves;Least Concern;LC;not_threatened
Oenanthe finschii;27.38;NA;Aves;Least Concern;LC;not_threatened
Oenanthe hispanica;15.04;NA;Aves;Least Concern;LC;not_threatened
Oenanthe isabellina;29.40;NA;Aves;Least Concern;LC;not_threatened
Oenanthe leucura;41.00;NA;Aves;Least Concern;LC;not_threatened
Oenanthe oenanthe;25.39;NA;Aves;Least Concern;LC;not_threatened
Oenanthe pleschanka;19.36;NA;Aves;Least Concern;LC;not_threatened
Oriolus oriolus;79.00;NA;Aves;Least Concern;LC;not_threatened
Otus brucei;84.35;NA;Aves;Least Concern;LC;not_threatened
Otus scops;92.00;NA;Aves;Least Concern;LC;not_threatened
Pandion haliaetus;1483.20;NA;Aves;Least Concern;LC;not_threatened
Panurus biarmicus;13.82;NA;Aves;Least Concern;LC;not_threatened
Parus major;16.25;NA;Aves;Least Concern;LC;not_threatened
Passer domesticus;26.51;NA;Aves;Least Concern;LC;not_threatened
Passer hispaniolensis;24.20;NA;Aves;Least Concern;LC;not_threatened
Passer moabiticus;16.46;NA;Aves;Least Concern;LC;not_threatened
Passer montanus;21.39;NA;Aves;Least Concern;LC;not_threatened
Pelecanus onocrotalus;9322.31;NA;Aves;Least Concern;LC;not_threatened
Perdix perdix;405.30;NA;Aves;Least Concern;LC;not_threatened
Perisoreus infaustus;84.40;NA;Aves;Least Concern;LC;not_threatened
Pernis apivorus;754.37;NA;Aves;Least Concern;LC;not_threatened
Petronia petronia;30.20;NA;Aves;Least Concern;LC;not_threatened
Phaethon aethereus;749.99;NA;Aves;Least Concern;LC;not_threatened
Phalacrocorax carbo;2528.97;NA;Aves;Least Concern;LC;not_threatened
Phalaropus fulicarius;55.59;NA;Aves;Least Concern;LC;not_threatened
Phalaropus lobatus;36.68;NA;Aves;Least Concern;LC;not_threatened
Phasianus colchicus;1120.31;NA;Aves;Least Concern;LC;not_threatened
Phoenicopterus roseus;3031.59;NA;Aves;Least Concern;LC;not_threatened
Phoenicurus ochruros;16.50;NA;Aves;Least Concern;LC;not_threatened
Phoenicurus phoenicurus;14.59;NA;Aves;Least Concern;LC;not_threatened
Phylloscopus bonelli;8.69;NA;Aves;Least Concern;LC;not_threatened
Phylloscopus borealis;10.89;NA;Aves;Least Concern;LC;not_threatened
Phylloscopus collybita;8.30;NA;Aves;Least Concern;LC;not_threatened
Phylloscopus inornatus;6.59;NA;Aves;Least Concern;LC;not_threatened
Phylloscopus sindianus;7.51;NA;Aves;Least Concern;LC;not_threatened
Phylloscopus trochiloides;8.05;NA;Aves;Least Concern;LC;not_threatened
Phylloscopus trochilus;8.70;NA;Aves;Least Concern;LC;not_threatened
Pica pica;217.48;NA;Aves;Least Concern;LC;not_threatened
Picoides tridactylus;65.49;NA;Aves;Least Concern;LC;not_threatened
Picus canus;137.00;NA;Aves;Least Concern;LC;not_threatened
Picus viridis;176.00;NA;Aves;Least Concern;LC;not_threatened
Pinicola enucleator;56.40;NA;Aves;Least Concern;LC;not_threatened
Platalea leucorodia;1868.00;NA;Aves;Least Concern;LC;not_threatened
Plectrophenax nivalis;42.20;NA;Aves;Least Concern;LC;not_threatened
Plegadis falcinellus;626.61;NA;Aves;Least Concern;LC;not_threatened
Pluvialis apricaria;214.00;NA;Aves;Least Concern;LC;not_threatened
Pluvialis squatarola;250.00;NA;Aves;Least Concern;LC;not_threatened
Podiceps cristatus;730.96;NA;Aves;Least Concern;LC;not_threatened
Podiceps grisegena;1023.00;NA;Aves;Least Concern;LC;not_threatened
Podiceps nigricollis;412.44;NA;Aves;Least Concern;LC;not_threatened
Porphyrio porphyrio;773.88;NA;Aves;Least Concern;LC;not_threatened
Porzana porzana;87.10;NA;Aves;Least Concern;LC;not_threatened
Prinia gracilis;7.10;NA;Aves;Least Concern;LC;not_threatened
Prunella atrogularis;18.50;NA;Aves;Least Concern;LC;not_threatened
Prunella collaris;38.61;NA;Aves;Least Concern;LC;not_threatened
Prunella modularis;20.24;NA;Aves;Least Concern;LC;not_threatened
Prunella montanella;17.00;NA;Aves;Least Concern;LC;not_threatened
Prunella ocularis;22.50;NA;Aves;Least Concern;LC;not_threatened
Pterocles alchata;275.79;NA;Aves;Least Concern;LC;not_threatened
Pterocles orientalis;404.87;NA;Aves;Least Concern;LC;not_threatened
Ptyonoprogne rupestris;20.48;NA;Aves;Least Concern;LC;not_threatened
Puffinus puffinus;453.26;NA;Aves;Least Concern;LC;not_threatened
Pycnonotus xanthopygos;37.64;NA;Aves;Least Concern;LC;not_threatened
Pyrrhocorax graculus;211.00;NA;Aves;Least Concern;LC;not_threatened
Pyrrhocorax pyrrhocorax;276.68;NA;Aves;Least Concern;LC;not_threatened
Pyrrhula pyrrhula;24.26;NA;Aves;Least Concern;LC;not_threatened
Rallus aquaticus;110.67;NA;Aves;Least Concern;LC;not_threatened
Recurvirostra avosetta;304.00;NA;Aves;Least Concern;LC;not_threatened
Regulus regulus;5.54;NA;Aves;Least Concern;LC;not_threatened
Remiz pendulinus;9.30;NA;Aves;Least Concern;LC;not_threatened
Rhodospiza obsoleta;20.41;NA;Aves;Least Concern;LC;not_threatened
Riparia riparia;12.68;NA;Aves;Least Concern;LC;not_threatened
Saxicola rubetra;16.60;NA;Aves;Least Concern;LC;not_threatened
Scolopax rusticola;308.31;NA;Aves;Least Concern;LC;not_threatened
Serinus canaria;24.30;NA;Aves;Least Concern;LC;not_threatened
Serinus pusillus;11.54;NA;Aves;Least Concern;LC;not_threatened
Serinus serinus;11.20;NA;Aves;Least Concern;LC;not_threatened
Sitta europaea;20.37;NA;Aves;Least Concern;LC;not_threatened
Sitta krueperi;12.40;NA;Aves;Least Concern;LC;not_threatened
Sitta neumayer;26.50;NA;Aves;Least Concern;LC;not_threatened
Sitta tephronota;35.20;NA;Aves;Least Concern;LC;not_threatened
Somateria spectabilis;1616.71;NA;Aves;Least Concern;LC;not_threatened
Stercorarius longicaudus;287.90;NA;Aves;Least Concern;LC;not_threatened
Stercorarius parasiticus;444.31;NA;Aves;Least Concern;LC;not_threatened
Stercorarius pomarinus;692.47;NA;Aves;Least Concern;LC;not_threatened
Sterna dougallii;112.00;NA;Aves;Least Concern;LC;not_threatened
Sterna hirundo;129.15;NA;Aves;Least Concern;LC;not_threatened
Sterna paradisaea;110.00;NA;Aves;Least Concern;LC;not_threatened
Streptopelia decaocto;148.96;NA;Aves;Least Concern;LC;not_threatened
Strix aluco;472.46;NA;Aves;Least Concern;LC;not_threatened
Strix nebulosa;1061.89;NA;Aves;Least Concern;LC;not_threatened
Strix uralensis;780.56;NA;Aves;Least Concern;LC;not_threatened
Sturnus unicolor;83.66;NA;Aves;Least Concern;LC;not_threatened
Sturnus vulgaris;77.14;NA;Aves;Least Concern;LC;not_threatened
Surnia ulula;319.90;NA;Aves;Least Concern;LC;not_threatened
Sylvia atricapilla;16.70;NA;Aves;Least Concern;LC;not_threatened
Sylvia borin;18.20;NA;Aves;Least Concern;LC;not_threatened
Tachybaptus ruficollis;169.43;NA;Aves;Least Concern;LC;not_threatened
Tadorna ferruginea;1235.03;NA;Aves;Least Concern;LC;not_threatened
Tadorna tadorna;1146.83;NA;Aves;Least Concern;LC;not_threatened
Tarsiger cyanurus;13.43;NA;Aves;Least Concern;LC;not_threatened
Tetrao urogallus;2716.61;NA;Aves;Least Concern;LC;not_threatened
Tetraogallus caspius;2508.24;NA;Aves;Least Concern;LC;not_threatened
Tetraogallus caucasicus;1830.79;NA;Aves;Least Concern;LC;not_threatened
Tichodroma muraria;17.60;NA;Aves;Least Concern;LC;not_threatened
Tringa erythropus;158.00;NA;Aves;Least Concern;LC;not_threatened
Tringa glareola;62.05;NA;Aves;Least Concern;LC;not_threatened
Tringa nebularia;187.00;NA;Aves;Least Concern;LC;not_threatened
Tringa ochropus;71.40;NA;Aves;Least Concern;LC;not_threatened
Tringa stagnatilis;77.50;NA;Aves;Least Concern;LC;not_threatened
Tringa totanus;129.00;NA;Aves;Least Concern;LC;not_threatened
Troglodytes troglodytes;9.74;NA;Aves;Least Concern;LC;not_threatened
Turdus merula;102.73;NA;Aves;Least Concern;LC;not_threatened
Turdus philomelos;67.74;NA;Aves;Least Concern;LC;not_threatened
Turdus pilaris;106.00;NA;Aves;Least Concern;LC;not_threatened
Turdus ruficollis;80.55;NA;Aves;Least Concern;LC;not_threatened
Turdus torquatus;109.00;NA;Aves;Least Concern;LC;not_threatened
Turdus viscivorus;117.37;NA;Aves;Least Concern;LC;not_threatened
Tyto alba;403.32;NA;Aves;Least Concern;LC;not_threatened
Upupa epops;66.93;NA;Aves;Least Concern;LC;not_threatened
Uria aalge;991.93;NA;Aves;Least Concern;LC;not_threatened
Uria lomvia;963.99;NA;Aves;Least Concern;LC;not_threatened
Xenus cinereus;78.80;NA;Aves;Least Concern;LC;not_threatened
Zoothera dauma;134.13;NA;Aves;Least Concern;LC;not_threatened
Aegypius monachus;9320.55;NA;Aves;Near Threatened;NT;not_threatened
Alectoris graeca;594.11;NA;Aves;Near Threatened;NT;not_threatened
Alectoris rufa;527.86;NA;Aves;Near Threatened;NT;not_threatened
Aythya nyroca;574.00;NA;Aves;Near Threatened;NT;not_threatened
Calidris canutus;141.87;NA;Aves;Near Threatened;NT;not_threatened
Caprimulgus ruficollis;68.50;NA;Aves;Near Threatened;NT;not_threatened
Circus macrourus;384.36;NA;Aves;Near Threatened;NT;not_threatened
Emberiza cineracea;24.30;NA;Aves;Near Threatened;NT;not_threatened
Fringilla teydea;30.30;NA;Aves;Near Threatened;NT;not_threatened
Gallinago media;169.96;NA;Aves;Near Threatened;NT;not_threatened
Gavia adamsii;4944.34;NA;Aves;Near Threatened;NT;not_threatened
Glareola nordmanni;97.19;NA;Aves;Near Threatened;NT;not_threatened
Gypaetus barbatus;5694.98;NA;Aves;Near Threatened;NT;not_threatened
Haematopus ostralegus;526.00;NA;Aves;Near Threatened;NT;not_threatened
Lanius senator;35.97;NA;Aves;Near Threatened;NT;not_threatened
Limosa lapponica;291.65;NA;Aves;Near Threatened;NT;not_threatened
Limosa limosa;288.37;NA;Aves;Near Threatened;NT;not_threatened
Marmaronetta angustirostris;477.00;NA;Aves;Near Threatened;NT;not_threatened
Numenius arquata;802.99;NA;Aves;Near Threatened;NT;not_threatened
Pagophila eburnea;549.99;NA;Aves;Near Threatened;NT;not_threatened
Pelecanus crispus;9512.09;NA;Aves;Near Threatened;NT;not_threatened
Saxicola dacotiae;12.20;NA;Aves;Near Threatened;NT;not_threatened
Somateria mollissima;2060.93;NA;Aves;Near Threatened;NT;not_threatened
Tetrax tetrax;833.45;NA;Aves;Near Threatened;NT;not_threatened
Turdus iliacus;61.20;NA;Aves;Near Threatened;NT;not_threatened
Vanellus vanellus;218.37;NA;Aves;Near Threatened;NT;not_threatened
Emberiza aureola;19.60;NA;Aves;Critically Endangered;CE;threatened
Vanellus gregarius;224.49;NA;Aves;Critically Endangered;CE;threatened
Aquila nipalensis;2714.33;NA;Aves;Endangered;EN;threatened
Falco cherrug;961.21;NA;Aves;Endangered;EN;threatened
Neophron percnopterus;2082.00;NA;Aves;Endangered;EN;threatened
Oxyura leucocephala;661.09;NA;Aves;Endangered;EN;threatened
Rhodopechys sanguinea;NA;Rhodopechys sanguineus;Aves;Least Concern;VU;threatened
Acrocephalus paludicola;11.60;NA;Aves;Vulnerable;VU;threatened
Anser erythropus;1755.50;NA;Aves;Vulnerable;VU;threatened
Aquila adalberti;2958.03;NA;Aves;Vulnerable;VU;threatened
Aquila heliaca;3125.21;NA;Aves;Vulnerable;VU;threatened
Aythya ferina;822.99;NA;Aves;Vulnerable;VU;threatened
Chersophilus duponti;39.40;NA;Aves;Vulnerable;VU;threatened
Clangula hyemalis;871.00;NA;Aves;Vulnerable;VU;threatened
Emberiza rustica;20.54;NA;Aves;Vulnerable;VU;threatened
Falco vespertinus;151.49;NA;Aves;Vulnerable;VU;threatened
Fratercula arctica;593.01;NA;Aves;Vulnerable;VU;threatened
Lanius meridionalis;60.43;NA;Aves;Vulnerable;VU;threatened
Melanitta fusca;1800.17;NA;Aves;Vulnerable;VU;threatened
Otis tarda;6759.92;NA;Aves;Vulnerable;VU;threatened
Passer italiae;27.30;Passer italiae;Aves;Vulnerable;VU;threatened
Podiceps auritus;453.00;NA;Aves;Vulnerable;VU;threatened
Polysticta stelleri;806.76;NA;Aves;Vulnerable;VU;threatened
Puffinus yelkouan;497.00;NA;Aves;Vulnerable;VU;threatened
Pyrrhula murina;30.00;NA;Aves;Vulnerable;VU;threatened
Rissa tridactyla;415.99;NA;Aves;Vulnerable;VU;threatened
Sitta whiteheadi;11.80;NA;Aves;Vulnerable;VU;threatened
Streptopelia turtur;132.00;NA;Aves;Vulnerable;VU;threatened
Crocidura armenica;10.35;NA;Mammalia;Data Deficient;DD;none
Microtus nasarovi;NA;Microtus nasarovi;Mammalia;Data Deficient;DD;none
Cercotrichas galactotes;22.47;NA;Aves;Least Concern;LC;not_threatened
Corvus monedula;246.00;NA;Aves;Least Concern;LC;not_threatened
Gerbillus dasyurus;22.60;NA;Mammalia;Least Concern;LC;not_threatened
Larus genei;281.00;NA;Aves;Least Concern;LC;not_threatened
Larus ichthyaetus;1378.84;NA;Aves;Least Concern;LC;not_threatened
Larus melanocephalus;256.00;NA;Aves;Least Concern;LC;not_threatened
Larus ridibundus;284.00;NA;Aves;Least Concern;LC;not_threatened
Phylloscopus sibilatrix;9.20;NA;Aves;Least Concern;LC;not_threatened
Capra aegagrus;NA;Capra aegagrus;Mammalia;Near Threatened;NT;not_threatened
Capra cylindricornis;50000.00;NA;Mammalia;Near Threatened;NT;not_threatened
Rana holtzi;NA;Rana holtzi;Amphibia;Critically Endangered;CE;threatened
Larus audouinii;534.99;NA;Aves;Vulnerable;VU;threatened
Spalax leucodon;188.67;Nannospalax leucodon;Mammalia;Data Deficient;DD;none
Ovis aries;50000.00;NA;Mammalia;Not Applicable;NA;none
Diplomesodon pulchellum;11.00;Diplomesodon pulchellus;Mammalia;Least Concern;LC;not_threatened
Microtus oeconomus;34.38;Alexandromys oeconomus;Mammalia;Least Concern;LC;not_threatened
Spalax ehrenbergi;164.35;Nannospalax ehrenbergi;Mammalia;Least Concern;LC;not_threatened
Ovis orientalis;NA;Ovis gmelini;Mammalia;Near Threatened;NT;not_threatened
Acomys cilicicus;28.61;NA;Mammalia;Data Deficient;DD;none
Acomys minous;62.50;NA;Mammalia;Data Deficient;DD;none
Acomys nesiotes;28.67;NA;Mammalia;Data Deficient;DD;none
Crocidura caspica;10.42;NA;Mammalia;Data Deficient;DD;none
Dryomys laniger;20.00;NA;Mammalia;Data Deficient;DD;none
Microtus anatolicus;37.99;NA;Mammalia;Data Deficient;DD;none
Myomimus setzeri;37.74;NA;Mammalia;Data Deficient;DD;none
Myotis alcathoe;7.74;NA;Mammalia;Data Deficient;DD;none
Myotis punicus;7.74;NA;Mammalia;Data Deficient;DD;none
Talpa davidiana;80.28;NA;Mammalia;Data Deficient;DD;none
Allactaga elater;59.00;Scarturus elater;Mammalia;Least Concern;LC;not_threatened
Allactaga euphratica;232.00;Scarturus euphratica;Mammalia;Least Concern;LC;not_threatened
Allactaga williamsi;116.74;Scarturus williamsi;Mammalia;Least Concern;LC;not_threatened
Alopex lagopus;NA;Vulpes lagopus;Mammalia;Least Concern;LC;not_threatened
Chionomys nivalis;54.00;Chionomys syriacus;Mammalia;Least Concern;LC;not_threatened
Cricetulus migratorius;38.50;Nothocricetulus migratorius;Mammalia;Least Concern;LC;not_threatened
Microtus gerbei;24.89;Microtus gerbii;Mammalia;Least Concern;LC;not_threatened
Microtus gregalis;47.50;Lasiopodomys gregalis;Mammalia;Least Concern;LC;not_threatened
Microtus levis;35.49;Microtus mystacinus;Mammalia;Least Concern;LC;not_threatened
Microtus liechtesteini;23.50;Microtus liechtensteini;Mammalia;Least Concern;LC;not_threatened
Microtus middendorffii;36.49;Alexandromys middendorffii;Mammalia;Least Concern;LC;not_threatened
Myodes glareolus;20.73;Clethrionomys glareolus;Mammalia;Least Concern;LC;not_threatened
Myodes rufocanus;36.43;Craseomys rufocanus;Mammalia;Least Concern;LC;not_threatened
Myodes rutilus;19.94;Clethrionomys rutilus;Mammalia;Least Concern;LC;not_threatened
Pipistrellus savii;NA;Hypsugo savii;Mammalia;Least Concern;LC;not_threatened
Spalax nehringi;295.05;Nannospalax xanthodon;Mammalia;Least Concern;LC;not_threatened
Tamias sibiricus;85.00;Eutamias sibiricus;Mammalia;Least Concern;LC;not_threatened
Alces alces;356998.16;NA;Mammalia;Least Concern;LC;not_threatened
Allactaga major;350.00;NA;Mammalia;Least Concern;LC;not_threatened
Allactaga sibirica;97.50;NA;Mammalia;Least Concern;LC;not_threatened
Allocricetulus eversmanni;115.56;NA;Mammalia;Least Concern;LC;not_threatened
Apodemus agrarius;23.30;NA;Mammalia;Least Concern;LC;not_threatened
Apodemus alpicola;28.06;NA;Mammalia;Least Concern;LC;not_threatened
Apodemus epimelas;28.07;NA;Mammalia;Least Concern;LC;not_threatened
Apodemus flavicollis;26.70;NA;Mammalia;Least Concern;LC;not_threatened
Apodemus mystacinus;45.60;NA;Mammalia;Least Concern;LC;not_threatened
Apodemus ponticus;25.76;NA;Mammalia;Least Concern;LC;not_threatened
Apodemus sylvaticus;30.45;NA;Mammalia;Least Concern;LC;not_threatened
Apodemus uralensis;17.10;NA;Mammalia;Least Concern;LC;not_threatened
Apodemus witherbyi;20.66;NA;Mammalia;Least Concern;LC;not_threatened
Arvicola amphibius;120.00;NA;Mammalia;Least Concern;LC;not_threatened
Arvicola scherman;162.48;NA;Mammalia;Least Concern;LC;not_threatened
Atelerix algirus;1250.00;NA;Mammalia;Least Concern;LC;not_threatened
Calomyscus urartensis;21.22;NA;Mammalia;Least Concern;LC;not_threatened
Canis aureus;10345.23;NA;Mammalia;Least Concern;LC;not_threatened
Canis lupus;32183.33;NA;Mammalia;Least Concern;LC;not_threatened
Capra ibex;85166.51;NA;Mammalia;Least Concern;LC;not_threatened
Capra pyrenaica;50000.00;NA;Mammalia;Least Concern;LC;not_threatened
Capreolus capreolus;22500.00;NA;Mammalia;Least Concern;LC;not_threatened
Capreolus pygargus;43752.21;NA;Mammalia;Least Concern;LC;not_threatened
Castor fiber;19000.00;NA;Mammalia;Least Concern;LC;not_threatened
Cervus elaphus;165015.85;NA;Mammalia;Least Concern;LC;not_threatened
Chionomys gud;93.50;NA;Mammalia;Least Concern;LC;not_threatened
Chionomys roberti;93.50;NA;Mammalia;Least Concern;LC;not_threatened
Crocidura arispa;10.42;NA;Mammalia;Least Concern;LC;not_threatened
Crocidura leucodon;9.82;NA;Mammalia;Least Concern;LC;not_threatened
Crocidura pachyura;10.35;NA;Mammalia;Least Concern;LC;not_threatened
Crocidura russula;8.20;NA;Mammalia;Least Concern;LC;not_threatened
Crocidura serezkyensis;10.35;NA;Mammalia;Least Concern;LC;not_threatened
Crocidura sicula;6.90;NA;Mammalia;Least Concern;LC;not_threatened
Crocidura suaveolens;5.19;NA;Mammalia;Least Concern;LC;not_threatened
Dama dama;52375.00;NA;Mammalia;Least Concern;LC;not_threatened
Dicrostonyx torquatus;85.00;NA;Mammalia;Least Concern;LC;not_threatened
Dipus sagitta;85.65;NA;Mammalia;Least Concern;LC;not_threatened
Dryomys nitedula;33.60;NA;Mammalia;Least Concern;LC;not_threatened
Eliomys melanurus;98.70;NA;Mammalia;Least Concern;LC;not_threatened
Ellobius lutescens;117.31;NA;Mammalia;Least Concern;LC;not_threatened
Ellobius talpinus;40.00;NA;Mammalia;Least Concern;LC;not_threatened
Eptesicus bottae;14.23;NA;Mammalia;Least Concern;LC;not_threatened
Eptesicus nilssonii;10.72;NA;Mammalia;Least Concern;LC;not_threatened
Eptesicus serotinus;22.86;NA;Mammalia;Least Concern;LC;not_threatened
Erinaceus concolor;719.00;NA;Mammalia;Least Concern;LC;not_threatened
Erinaceus europaeus;771.00;NA;Mammalia;Least Concern;LC;not_threatened
Erinaceus roumanicus;744.55;NA;Mammalia;Least Concern;LC;not_threatened
Felis chaus;7392.98;NA;Mammalia;Least Concern;LC;not_threatened
Felis margarita;2524.99;NA;Mammalia;Least Concern;LC;not_threatened
Felis silvestris;5099.99;NA;Mammalia;Least Concern;LC;not_threatened
Genetta genetta;1800.00;NA;Mammalia;Least Concern;LC;not_threatened
Glis glis;128.09;NA;Mammalia;Least Concern;LC;not_threatened
Gulo gulo;17012.56;NA;Mammalia;Least Concern;LC;not_threatened
Hemiechinus auritus;342.00;NA;Mammalia;Least Concern;LC;not_threatened
Herpestes ichneumon;5174.98;NA;Mammalia;Least Concern;LC;not_threatened
Hystrix cristata;16250.00;NA;Mammalia;Least Concern;LC;not_threatened
Hystrix indica;12435.83;NA;Mammalia;Least Concern;LC;not_threatened
Lagurus lagurus;20.30;NA;Mammalia;Least Concern;LC;not_threatened
Lemmus lemmus;47.50;NA;Mammalia;Least Concern;LC;not_threatened
Lemmus sibiricus;52.27;NA;Mammalia;Least Concern;LC;not_threatened
Lepus capensis;3261.67;NA;Mammalia;Least Concern;LC;not_threatened
Lepus europaeus;3740.00;NA;Mammalia;Least Concern;LC;not_threatened
Lepus granatensis;4010.00;NA;Mammalia;Least Concern;LC;not_threatened
Lepus timidus;3048.00;NA;Mammalia;Least Concern;LC;not_threatened
Lepus tolai;1589.00;NA;Mammalia;Least Concern;LC;not_threatened
Lynx lynx;17950.00;NA;Mammalia;Least Concern;LC;not_threatened
Marmota baibacina;7500.00;NA;Mammalia;Least Concern;LC;not_threatened
Marmota bobak;5500.00;NA;Mammalia;Least Concern;LC;not_threatened
Marmota marmota;2010.00;NA;Mammalia;Least Concern;LC;not_threatened
Martes foina;1540.80;NA;Mammalia;Least Concern;LC;not_threatened
Martes martes;1300.00;NA;Mammalia;Least Concern;LC;not_threatened
Martes zibellina;1130.00;NA;Mammalia;Least Concern;LC;not_threatened
Meles leucurus;13000.00;NA;Mammalia;Least Concern;LC;not_threatened
Meles meles;13000.00;NA;Mammalia;Least Concern;LC;not_threatened
Meriones crassus;79.97;NA;Mammalia;Least Concern;LC;not_threatened
Meriones libycus;91.33;NA;Mammalia;Least Concern;LC;not_threatened
Meriones meridianus;62.10;NA;Mammalia;Least Concern;LC;not_threatened
Meriones persicus;100.00;NA;Mammalia;Least Concern;LC;not_threatened
Meriones tamariscinus;120.00;NA;Mammalia;Least Concern;LC;not_threatened
Meriones tristrami;105.00;NA;Mammalia;Least Concern;LC;not_threatened
Meriones vinogradovi;150.00;NA;Mammalia;Least Concern;LC;not_threatened
Mesocricetus raddei;111.73;NA;Mammalia;Least Concern;LC;not_threatened
Micromys minutus;6.00;NA;Mammalia;Least Concern;LC;not_threatened
Microtus agrestis;42.50;NA;Mammalia;Least Concern;LC;not_threatened
Microtus arvalis;28.00;NA;Mammalia;Least Concern;LC;not_threatened
Microtus brachycercus;37.99;NA;Mammalia;Least Concern;LC;not_threatened
Microtus daghestanicus;12.99;NA;Mammalia;Least Concern;LC;not_threatened
Microtus dogramacii;37.99;NA;Mammalia;Least Concern;LC;not_threatened
Microtus duodecimcostatus;23.00;NA;Mammalia;Least Concern;LC;not_threatened
Microtus felteni;24.34;NA;Mammalia;Least Concern;LC;not_threatened
Microtus guentheri;50.00;NA;Mammalia;Least Concern;LC;not_threatened
Microtus lusitanicus;24.82;NA;Mammalia;Least Concern;LC;not_threatened
Microtus majori;18.20;NA;Mammalia;Least Concern;LC;not_threatened
Microtus multiplex;23.17;NA;Mammalia;Least Concern;LC;not_threatened
Microtus savii;20.00;NA;Mammalia;Least Concern;LC;not_threatened
Microtus schidlovskii;37.99;NA;Mammalia;Least Concern;LC;not_threatened
Microtus socialis;48.00;NA;Mammalia;Least Concern;LC;not_threatened
Microtus subterraneus;19.50;NA;Mammalia;Least Concern;LC;not_threatened
Microtus tatricus;40.00;NA;Mammalia;Least Concern;LC;not_threatened
Microtus thomasi;25.67;NA;Mammalia;Least Concern;LC;not_threatened
Mus macedonicus;15.00;NA;Mammalia;Least Concern;LC;not_threatened
Mus musculus;16.25;NA;Mammalia;Least Concern;LC;not_threatened
Mus spicilegus;14.00;NA;Mammalia;Least Concern;LC;not_threatened
Mus spretus;12.80;NA;Mammalia;Least Concern;LC;not_threatened
Muscardinus avellanarius;27.50;NA;Mammalia;Least Concern;LC;not_threatened
Mustela erminea;119.38;NA;Mammalia;Least Concern;LC;not_threatened
Mustela eversmanii;1684.21;NA;Mammalia;Least Concern;LC;not_threatened
Mustela nivalis;103.88;NA;Mammalia;Least Concern;LC;not_threatened
Mustela putorius;915.37;NA;Mammalia;Least Concern;LC;not_threatened
Mustela sibirica;405.00;NA;Mammalia;Least Concern;LC;not_threatened
Myopus schisticolor;25.00;NA;Mammalia;Least Concern;LC;not_threatened
Myotis blythii;22.47;NA;Mammalia;Least Concern;LC;not_threatened
Myotis brandtii;5.30;NA;Mammalia;Least Concern;LC;not_threatened
Myotis daubentonii;7.63;NA;Mammalia;Least Concern;LC;not_threatened
Myotis emarginatus;7.66;NA;Mammalia;Least Concern;LC;not_threatened
Myotis myotis;24.79;NA;Mammalia;Least Concern;LC;not_threatened
Myotis mystacinus;4.99;NA;Mammalia;Least Concern;LC;not_threatened
Myotis nattereri;7.14;NA;Mammalia;Least Concern;LC;not_threatened
Neomys anomalus;16.00;NA;Mammalia;Least Concern;LC;not_threatened
Neomys fodiens;14.30;NA;Mammalia;Least Concern;LC;not_threatened
Neomys teres;15.13;NA;Mammalia;Least Concern;LC;not_threatened
Nyctalus leisleri;13.28;NA;Mammalia;Least Concern;LC;not_threatened
Nyctalus noctula;28.00;NA;Mammalia;Least Concern;LC;not_threatened
Ochotona hyperborea;120.00;NA;Mammalia;Least Concern;LC;not_threatened
Ochotona pusilla;142.50;NA;Mammalia;Least Concern;LC;not_threatened
Otocolobus manul;3500.00;NA;Mammalia;Least Concern;LC;not_threatened
Pipistrellus kuhlii;5.93;NA;Mammalia;Least Concern;LC;not_threatened
Pipistrellus nathusii;7.31;NA;Mammalia;Least Concern;LC;not_threatened
Pipistrellus pipistrellus;5.69;NA;Mammalia;Least Concern;LC;not_threatened
Pipistrellus pygmaeus;5.28;NA;Mammalia;Least Concern;LC;not_threatened
Plecotus auritus;7.83;NA;Mammalia;Least Concern;LC;not_threatened
Plecotus kolombatovici;7.56;NA;Mammalia;Least Concern;LC;not_threatened
Plecotus macrobullaris;7.56;NA;Mammalia;Least Concern;LC;not_threatened
Prometheomys schaposchnikowi;75.00;NA;Mammalia;Least Concern;LC;not_threatened
Pteromys volans;143.75;NA;Mammalia;Least Concern;LC;not_threatened
Pygeretmus platyurus;40.14;NA;Mammalia;Least Concern;LC;not_threatened
Pygeretmus pumilio;52.00;NA;Mammalia;Least Concern;LC;not_threatened
Rhinolophus blasii;9.70;NA;Mammalia;Least Concern;LC;not_threatened
Rhinolophus ferrumequinum;21.06;NA;Mammalia;Least Concern;LC;not_threatened
Rhinolophus hipposideros;4.71;NA;Mammalia;Least Concern;LC;not_threatened
Rhombomys opimus;144.00;NA;Mammalia;Least Concern;LC;not_threatened
Rousettus aegyptiacus;132.24;NA;Mammalia;Least Concern;LC;not_threatened
Rupicapra pyrenaica;30000.00;NA;Mammalia;Least Concern;LC;not_threatened
Rupicapra rupicapra;26100.00;NA;Mammalia;Least Concern;LC;not_threatened
Sciurus anomalus;256.00;NA;Mammalia;Least Concern;LC;not_threatened
Sciurus vulgaris;333.00;NA;Mammalia;Least Concern;LC;not_threatened
Sicista betulina;8.00;NA;Mammalia;Least Concern;LC;not_threatened
Sicista kluchorica;7.20;NA;Mammalia;Least Concern;LC;not_threatened
Sicista severtzovi;11.77;NA;Mammalia;Least Concern;LC;not_threatened
Sicista strandi;10.30;NA;Mammalia;Least Concern;LC;not_threatened
Sicista subtilis;11.75;NA;Mammalia;Least Concern;LC;not_threatened
Sorex antinorii;6.05;NA;Mammalia;Least Concern;LC;not_threatened
Sorex araneus;10.00;NA;Mammalia;Least Concern;LC;not_threatened
Sorex caecutiens;5.38;NA;Mammalia;Least Concern;LC;not_threatened
Sorex coronatus;9.60;NA;Mammalia;Least Concern;LC;not_threatened
Sorex granarius;6.28;NA;Mammalia;Least Concern;LC;not_threatened
Sorex isodon;9.35;NA;Mammalia;Least Concern;LC;not_threatened
Sorex minutissimus;2.51;NA;Mammalia;Least Concern;LC;not_threatened
Sorex minutus;4.50;NA;Mammalia;Least Concern;LC;not_threatened
Sorex raddei;10.00;NA;Mammalia;Least Concern;LC;not_threatened
Sorex samniticus;8.25;NA;Mammalia;Least Concern;LC;not_threatened
Sorex satunini;7.47;NA;Mammalia;Least Concern;LC;not_threatened
Sorex tundrensis;7.73;NA;Mammalia;Least Concern;LC;not_threatened
Sorex volnuchini;4.61;NA;Mammalia;Least Concern;LC;not_threatened
Spalax giganteus;301.96;NA;Mammalia;Least Concern;LC;not_threatened
Spalax microphthalmus;470.00;NA;Mammalia;Least Concern;LC;not_threatened
Spermophilus fulvus;596.00;NA;Mammalia;Least Concern;LC;not_threatened
Spermophilus major;269.07;NA;Mammalia;Least Concern;LC;not_threatened
Spermophilus pygmaeus;136.00;NA;Mammalia;Least Concern;LC;not_threatened
Spermophilus taurensis;NA;Spermophilus taurensis;Mammalia;Least Concern;LC;not_threatened
Stylodipus telum;55.00;NA;Mammalia;Least Concern;LC;not_threatened
Suncus etruscus;2.13;NA;Mammalia;Least Concern;LC;not_threatened
Sus scrofa;96118.09;NA;Mammalia;Least Concern;LC;not_threatened
Tadarida teniotis;27.04;NA;Mammalia;Least Concern;LC;not_threatened
Talpa caeca;92.50;NA;Mammalia;Least Concern;LC;not_threatened
Talpa caucasica;90.00;NA;Mammalia;Least Concern;LC;not_threatened
Talpa europaea;77.00;NA;Mammalia;Least Concern;LC;not_threatened
Talpa levantis;90.00;NA;Mammalia;Least Concern;LC;not_threatened
Talpa occidentalis;53.50;NA;Mammalia;Least Concern;LC;not_threatened
Talpa romana;92.50;NA;Mammalia;Least Concern;LC;not_threatened
Talpa stankovici;71.12;NA;Mammalia;Least Concern;LC;not_threatened
Tatera indica;166.31;NA;Mammalia;Least Concern;LC;not_threatened
Ursus arctos;180520.42;NA;Mammalia;Least Concern;LC;not_threatened
Vespertilio murinus;18.70;NA;Mammalia;Least Concern;LC;not_threatened
Vulpes corsac;2400.00;NA;Mammalia;Least Concern;LC;not_threatened
Vulpes vulpes;5476.17;NA;Mammalia;Least Concern;LC;not_threatened
Apodemus hyrcanicus;25.76;NA;Mammalia;Near Threatened;NT;not_threatened
Barbastella barbastellus;8.03;NA;Mammalia;Near Threatened;NT;not_threatened
Bison bonasus;500000.00;NA;Mammalia;Near Threatened;NT;not_threatened
Eliomys quercinus;115.00;NA;Mammalia;Near Threatened;NT;not_threatened
Hyaena hyaena;41705.11;NA;Mammalia;Near Threatened;NT;not_threatened
Lutra lutra;8785.14;NA;Mammalia;Near Threatened;NT;not_threatened
Mesocricetus brandti;198.00;NA;Mammalia;Near Threatened;NT;not_threatened
Mesocricetus newtoni;97.50;NA;Mammalia;Near Threatened;NT;not_threatened
Microtus cabrerae;52.50;NA;Mammalia;Near Threatened;NT;not_threatened
Myotis bechsteinii;9.47;NA;Mammalia;Near Threatened;NT;not_threatened
Myotis dasycneme;14.13;NA;Mammalia;Near Threatened;NT;not_threatened
Plecotus austriacus;7.30;NA;Mammalia;Near Threatened;NT;not_threatened
Rhinolophus euryale;8.15;NA;Mammalia;Near Threatened;NT;not_threatened
Sicista caucasica;10.00;NA;Mammalia;Near Threatened;NT;not_threatened
Sorex alpinus;7.80;NA;Mammalia;Near Threatened;NT;not_threatened
Spalax uralensis;295.05;NA;Mammalia;Near Threatened;NT;not_threatened
Spermophilus musicus;284.72;NA;Mammalia;Near Threatened;NT;not_threatened
Spermophilus suslicus;252.00;NA;Mammalia;Near Threatened;NT;not_threatened
Spermophilus xanthoprymnus;289.67;NA;Mammalia;Near Threatened;NT;not_threatened
Cricetus cricetus;510.00;NA;Mammalia;Critically Endangered;CE;threatened
Meriones dahli;90.15;NA;Mammalia;Critically Endangered;CE;threatened
Microtus bavaricus;23.94;NA;Mammalia;Critically Endangered;CE;threatened
Mustela lutreola;440.00;NA;Mammalia;Critically Endangered;CE;threatened
Saiga tatarica;29000.00;NA;Mammalia;Critically Endangered;CE;threatened
Sicista armenica;6.53;NA;Mammalia;Critically Endangered;CE;threatened
Capra caucasica;55000.00;NA;Mammalia;Endangered;EN;threatened
Crocidura canariensis;7.50;NA;Mammalia;Endangered;EN;threatened
Crocidura zimmermanni;10.35;NA;Mammalia;Endangered;EN;threatened
Desmana moschata;383.00;NA;Mammalia;Endangered;EN;threatened
Galemys pyrenaicus;60.17;NA;Mammalia;Endangered;EN;threatened
Lynx pardinus;9400.00;NA;Mammalia;Endangered;EN;threatened
Mesocricetus auratus;105.00;NA;Mammalia;Endangered;EN;threatened
Oryctolagus cuniculus;1832.22;NA;Mammalia;Endangered;EN;threatened
Sicista kazbegica;6.43;NA;Mammalia;Endangered;EN;threatened
Spalax arenarius;520.00;NA;Mammalia;Endangered;EN;threatened
Spermophilus citellus;290.00;NA;Mammalia;Endangered;EN;threatened
Arvicola sapidus;220.00;NA;Mammalia;Vulnerable;VU;threatened
Dinaromys bogdanovi;56.00;NA;Mammalia;Vulnerable;VU;threatened
Gazella subgutturosa;28500.00;NA;Mammalia;Vulnerable;VU;threatened
Lepus castroviejoi;2822.41;NA;Mammalia;Vulnerable;VU;threatened
Lepus corsicanus;3000.00;NA;Mammalia;Vulnerable;VU;threatened
Miniopterus schreibersii;11.46;NA;Mammalia;Vulnerable;VU;threatened
Myomimus roachi;36.99;NA;Mammalia;Vulnerable;VU;threatened
Myotis capaccinii;7.44;NA;Mammalia;Vulnerable;VU;threatened
Nyctalus lasiopterus;49.73;NA;Mammalia;Vulnerable;VU;threatened
Panthera pardus;52038.22;NA;Mammalia;Vulnerable;VU;threatened
Pipistrellus maderensis;6.20;NA;Mammalia;Vulnerable;VU;threatened
Plecotus sardus;7.56;NA;Mammalia;Vulnerable;VU;threatened
Plecotus teneriffae;8.33;NA;Mammalia;Vulnerable;VU;threatened
Rangifer tarandus;86033.98;NA;Mammalia;Vulnerable;VU;threatened
Rhinolophus mehelyi;12.33;NA;Mammalia;Vulnerable;VU;threatened
Spalax graecus;316.04;NA;Mammalia;Vulnerable;VU;threatened
Spalax zemni;316.28;NA;Mammalia;Vulnerable;VU;threatened
Ursus maritimus;388750.36;NA;Mammalia;Vulnerable;VU;threatened
Vormela peregusna;450.38;NA;Mammalia;Vulnerable;VU;threatened
Zamenis persica;186.23;Zamenis persicus;Reptilia;Data Deficient;DD;none
Mus cypriacus;NA;Mus cypriacus;Mammalia;Least Concern;LC;not_threatened
Myotis aurascens;NA;Myotis aurascens;Mammalia;Least Concern;LC;not_threatened
Psammodromus manuelae;NA;Psammodromus manuelae;Reptilia;Least Concern;LC;not_threatened
Trapelus lessonae;NA;Trapelus lessonae;Reptilia;Least Concern;LC;not_threatened
Mauremys caspica;2260.64;NA;Reptilia;Least Concern;LC;not_threatened
Eirenic hakkariensis;11.45;Eirenis thospitis;Reptilia;Data Deficient;DD;none
Rhinotyphlops episcopus;NA;Letheobia episcopus;Reptilia;Data Deficient;DD;none
Chalcides bistriatus;NA;Chalcides sexlineatus;Reptilia;Least Concern;LC;not_threatened
Darevskia nairensis;NA;Darevskia raddei;Reptilia;Least Concern;LC;not_threatened
Eumeces schneideri;NA;Eumeces schneiderii;Reptilia;Least Concern;LC;not_threatened
Vipera nikolskii;244.76;Vipera berus;Reptilia;Least Concern;LC;not_threatened
Mauremys leprosa;2260.64;NA;Reptilia;Near Threatened;NT;not_threatened
Gallotia auaritae;1859.63;Gallotia auaritae;Reptilia;Critically Endangered;CE;threatened
Darevskia rostombekovi;NA;Darevskia rostombekowi;Reptilia;Endangered;EN;threatened
Dolichophis cypriensis;NA;Hierophis cypriensis;Reptilia;Endangered;EN;threatened
Emys trinacris;548.56;NA;Reptilia;Data Deficient;DD;none
Eublepharis angramainyu;125.92;NA;Reptilia;Data Deficient;DD;none
Iranolacerta brandtii;10.34;NA;Reptilia;Data Deficient;DD;none
Zamenis lineatus;450.93;NA;Reptilia;Data Deficient;DD;none
Emys orbicularis;1599.19;NA;Reptilia;Lower Risk/near threatened;NT;none
Anatolacerta anatolica;9.78;Anatololacerta anatolica;Reptilia;Least Concern;LC;not_threatened
Anatolacerta danfordi;9.78;Anatololacerta danfordi;Reptilia;Least Concern;LC;not_threatened
Anatolacerta oertzeni;NA;Anatololacerta oertzeni;Reptilia;Least Concern;LC;not_threatened
Cyrtopodion caspium;NA;Tenuidactylus caspius;Reptilia;Least Concern;LC;not_threatened
Cyrtopodion heterocercum;NA;Mediodactylus heterocercus;Reptilia;Least Concern;LC;not_threatened
Cyrtopodion kotschyi;NA;Mediodactylus kotschyi;Reptilia;Least Concern;LC;not_threatened
Cyrtopodion russowii;NA;Mediodactylus russowii;Reptilia;Least Concern;LC;not_threatened
Eirenis rothi;NA;Eirenis rothii;Reptilia;Least Concern;LC;not_threatened
Hierophis gyarosensis;NA;Hierophis viridiflavus;Reptilia;Least Concern;LC;not_threatened
Laudakia caucasia;NA;Paralaudakia caucasia;Reptilia;Least Concern;LC;not_threatened
Laudakia stellio;NA;Laudakia stellio;Reptilia;Least Concern;LC;not_threatened
Leptotyphlops macrorhynchus;NA;Myriopholis macrorhyncha;Reptilia;Least Concern;LC;not_threatened
Macroprotodon mauritanicus;29.85;Macroprotodon cucullatus;Reptilia;Least Concern;LC;not_threatened
Macrovipera lebetina;4769.84;Macrovipera lebetinus;Reptilia;Least Concern;LC;not_threatened
Mauremys rivulata;2111.99;NA;Reptilia;Least Concern;LC;not_threatened
Natrix tesselleta;283.79;Natrix tessellata;Reptilia;Least Concern;LC;not_threatened
Podarcis atrata;NA;Podarcis liolepis;Reptilia;Least Concern;LC;not_threatened
Podarcis hispanica;9.40;Podarcis hispanicus;Reptilia;Least Concern;LC;not_threatened
Podarcis peloponnesiaca;14.15;Podarcis peloponnesiacus;Reptilia;Least Concern;LC;not_threatened
Podarcis sicula;16.75;Podarcis siculus;Reptilia;Least Concern;LC;not_threatened
Podarcis taurica;17.30;Podarcis tauricus;Reptilia;Least Concern;LC;not_threatened
Podarcis wagleriana;10.17;Podarcis waglerianus;Reptilia;Least Concern;LC;not_threatened
Pseudocyclophis persicus;NA;Eirenis persicus;Reptilia;Least Concern;LC;not_threatened
Rhinechis scalaris;NA;Zamenis scalaris;Reptilia;Least Concern;LC;not_threatened
Tarentola bischoffi;5.68;Tarentola boettgeri;Reptilia;Least Concern;LC;not_threatened
Trachylepis aurata;NA;Heremites auratus;Reptilia;Least Concern;LC;not_threatened
Trachylepis septemtaeniata;NA;Heremites septemtaeniatus;Reptilia;Least Concern;LC;not_threatened
Trachylepis vittata;NA;Heremites vittatus;Reptilia;Least Concern;LC;not_threatened
Typhlops vermicularis;NA;Xerotyphlops vermicularis;Reptilia;Least Concern;LC;not_threatened
Ablepharus bivittatus;4.36;NA;Reptilia;Least Concern;LC;not_threatened
Ablepharus budaki;2.01;NA;Reptilia;Least Concern;LC;not_threatened
Ablepharus chernovi;2.94;NA;Reptilia;Least Concern;LC;not_threatened
Ablepharus kitaibelii;4.74;NA;Reptilia;Least Concern;LC;not_threatened
Ablepharus pannonicus;3.12;NA;Reptilia;Least Concern;LC;not_threatened
Acanthodactylus boskianus;19.65;NA;Reptilia;Least Concern;LC;not_threatened
Acanthodactylus erythrurus;13.66;NA;Reptilia;Least Concern;LC;not_threatened
Algyroides fitzingeri;2.17;NA;Reptilia;Least Concern;LC;not_threatened
Algyroides nigropunctatus;7.98;NA;Reptilia;Least Concern;LC;not_threatened
Alsophylax pipiens;1.69;NA;Reptilia;Least Concern;LC;not_threatened
Anguis fragilis;79.72;NA;Reptilia;Least Concern;LC;not_threatened
Apathya cappadocica;14.58;NA;Reptilia;Least Concern;LC;not_threatened
Asaccus elisae;7.19;NA;Reptilia;Least Concern;LC;not_threatened
Blanus cinereus;16.57;NA;Reptilia;Least Concern;LC;not_threatened
Blanus strauchi;9.74;NA;Reptilia;Least Concern;LC;not_threatened
Chalcides chalcides;33.98;NA;Reptilia;Least Concern;LC;not_threatened
Chalcides ocellatus;97.86;NA;Reptilia;Least Concern;LC;not_threatened
Chalcides sexlineatus;20.84;NA;Reptilia;Least Concern;LC;not_threatened
Chalcides striatus;33.98;NA;Reptilia;Least Concern;LC;not_threatened
Chalcides viridanus;48.99;NA;Reptilia;Least Concern;LC;not_threatened
Chamaeleo africanus;147.83;NA;Reptilia;Least Concern;LC;not_threatened
Chamaeleo chamaeleon;95.63;NA;Reptilia;Least Concern;LC;not_threatened
Coronella austriaca;66.52;NA;Reptilia;Least Concern;LC;not_threatened
Coronella girondica;66.52;NA;Reptilia;Least Concern;LC;not_threatened
Cyrtopodion scabrum;5.80;NA;Reptilia;Least Concern;LC;not_threatened
Dalmatolacerta oxycephala;8.19;NA;Reptilia;Least Concern;LC;not_threatened
Darevskia armeniaca;9.03;NA;Reptilia;Least Concern;LC;not_threatened
Darevskia brauneri;8.32;NA;Reptilia;Least Concern;LC;not_threatened
Darevskia caucasica;7.01;NA;Reptilia;Least Concern;LC;not_threatened
Darevskia chlorogaster;8.67;NA;Reptilia;Least Concern;LC;not_threatened
Darevskia daghestanica;4.58;NA;Reptilia;Least Concern;LC;not_threatened
Darevskia lindholmi;9.78;NA;Reptilia;Least Concern;LC;not_threatened
Darevskia parvula;5.04;NA;Reptilia;Least Concern;LC;not_threatened
Darevskia portschinskii;7.01;NA;Reptilia;Least Concern;LC;not_threatened
Darevskia raddei;10.17;NA;Reptilia;Least Concern;LC;not_threatened
Darevskia rudis;15.95;NA;Reptilia;Least Concern;LC;not_threatened
Darevskia sapphirina;4.82;NA;Reptilia;Least Concern;LC;not_threatened
Darevskia saxicola;15.67;NA;Reptilia;Least Concern;LC;not_threatened
Darevskia valentini;11.83;NA;Reptilia;Least Concern;LC;not_threatened
Dinarolacerta montenegrina;6.41;NA;Reptilia;Least Concern;LC;not_threatened
Dolichophis caspius;1200.52;NA;Reptilia;Least Concern;LC;not_threatened
Dolichophis jugularis;1200.52;NA;Reptilia;Least Concern;LC;not_threatened
Dolichophis schmidti;386.60;NA;Reptilia;Least Concern;LC;not_threatened
Eirenis aurolineatus;18.18;NA;Reptilia;Least Concern;LC;not_threatened
Eirenis barani;19.36;NA;Reptilia;Least Concern;LC;not_threatened
Eirenis coronella;5.99;NA;Reptilia;Least Concern;LC;not_threatened
Eirenis decemlineatus;68.01;NA;Reptilia;Least Concern;LC;not_threatened
Eirenis eiselti;11.45;NA;Reptilia;Least Concern;LC;not_threatened
Eirenis levantinus;16.50;NA;Reptilia;Least Concern;LC;not_threatened
Eirenis lineomaculatus;6.29;NA;Reptilia;Least Concern;LC;not_threatened
Eirenis medus;5.99;NA;Reptilia;Least Concern;LC;not_threatened
Eirenis modestus;32.04;NA;Reptilia;Least Concern;LC;not_threatened
Eirenis punctatolineatus;32.04;NA;Reptilia;Least Concern;LC;not_threatened
Elaphe dione;436.04;NA;Reptilia;Least Concern;LC;not_threatened
Elaphe sauromates;681.26;NA;Reptilia;Least Concern;LC;not_threatened
Eremias arguta;22.86;NA;Reptilia;Least Concern;LC;not_threatened
Eremias persica;21.53;NA;Reptilia;Least Concern;LC;not_threatened
Eremias scripta;6.71;NA;Reptilia;Least Concern;LC;not_threatened
Eremias strauchi;11.83;NA;Reptilia;Least Concern;LC;not_threatened
Eremias suphani;8.27;NA;Reptilia;Least Concern;LC;not_threatened
Eremias velox;19.04;NA;Reptilia;Least Concern;LC;not_threatened
Eryx jaculus;254.23;NA;Reptilia;Least Concern;LC;not_threatened
Gallotia atlantica;28.68;NA;Reptilia;Least Concern;LC;not_threatened
Gallotia caesaris;31.10;NA;Reptilia;Least Concern;LC;not_threatened
Gallotia galloti;68.42;NA;Reptilia;Least Concern;LC;not_threatened
Gallotia stehlini;1085.83;NA;Reptilia;Least Concern;LC;not_threatened
Gloydius intermedius;262.48;NA;Reptilia;Least Concern;LC;not_threatened
Hemidactylus turcicus;5.73;NA;Reptilia;Least Concern;LC;not_threatened
Hemorrhois algirus;165.31;NA;Reptilia;Least Concern;LC;not_threatened
Hemorrhois hippocrepis;681.26;NA;Reptilia;Least Concern;LC;not_threatened
Hemorrhois nummifer;217.22;NA;Reptilia;Least Concern;LC;not_threatened
Hemorrhois ravergieri;271.21;NA;Reptilia;Least Concern;LC;not_threatened
Hierophis gemonensis;219.38;NA;Reptilia;Least Concern;LC;not_threatened
Hierophis viridiflavus;386.60;NA;Reptilia;Least Concern;LC;not_threatened
Lacerta agilis;33.65;NA;Reptilia;Least Concern;LC;not_threatened
Lacerta bilineata;49.57;NA;Reptilia;Least Concern;LC;not_threatened
Lacerta media;91.49;NA;Reptilia;Least Concern;LC;not_threatened
Lacerta strigata;91.49;NA;Reptilia;Least Concern;LC;not_threatened
Lacerta trilineata;117.18;NA;Reptilia;Least Concern;LC;not_threatened
Lacerta viridis;91.49;NA;Reptilia;Least Concern;LC;not_threatened
Macroprotodon cucullatus;25.69;NA;Reptilia;Least Concern;LC;not_threatened
Malpolon monspessulanus;388.35;NA;Reptilia;Least Concern;LC;not_threatened
Mesalina brevirostris;5.06;NA;Reptilia;Least Concern;LC;not_threatened
Montivipera bulgardaghica;225.65;NA;Reptilia;Least Concern;LC;not_threatened
Montivipera xanthina;1118.34;NA;Reptilia;Least Concern;LC;not_threatened
Natrix maura;135.80;NA;Reptilia;Least Concern;LC;not_threatened
Natrix natrix;2800.93;NA;Reptilia;Least Concern;LC;not_threatened
Ophiomorus punctatissimus;2.47;NA;Reptilia;Least Concern;LC;not_threatened
Ophisops elegans;7.98;NA;Reptilia;Least Concern;LC;not_threatened
Parvilacerta parva;5.58;NA;Reptilia;Least Concern;LC;not_threatened
Phoenicolacerta laevis;15.15;NA;Reptilia;Least Concern;LC;not_threatened
Phoenicolacerta troodica;7.98;NA;Reptilia;Least Concern;LC;not_threatened
Phrynocephalus guttatus;8.77;NA;Reptilia;Least Concern;LC;not_threatened
Phrynocephalus helioscopus;11.04;NA;Reptilia;Least Concern;LC;not_threatened
Phrynocephalus mystaceus;63.08;NA;Reptilia;Least Concern;LC;not_threatened
Platyceps collaris;117.22;NA;Reptilia;Least Concern;LC;not_threatened
Platyceps najadum;228.19;NA;Reptilia;Least Concern;LC;not_threatened
Platyceps ventromaculatus;210.79;NA;Reptilia;Least Concern;LC;not_threatened
Podarcis bocagei;7.98;NA;Reptilia;Least Concern;LC;not_threatened
Podarcis erhardii;13.66;NA;Reptilia;Least Concern;LC;not_threatened
Podarcis filfolensis;14.65;NA;Reptilia;Least Concern;LC;not_threatened
Podarcis melisellensis;9.40;NA;Reptilia;Least Concern;LC;not_threatened
Podarcis muralis;10.98;NA;Reptilia;Least Concern;LC;not_threatened
Podarcis tiliguerta;15.15;NA;Reptilia;Least Concern;LC;not_threatened
Podarcis vaucheri;5.06;NA;Reptilia;Least Concern;LC;not_threatened
Psammodromus hispanicus;4.13;NA;Reptilia;Least Concern;LC;not_threatened
Pseudocerastes persicus;652.02;NA;Reptilia;Least Concern;LC;not_threatened
Pseudopus apodus;585.91;NA;Reptilia;Least Concern;LC;not_threatened
Rhynchocalamus melanocephalus;25.69;NA;Reptilia;Least Concern;LC;not_threatened
Spalerosophis diadema;681.26;NA;Reptilia;Least Concern;LC;not_threatened
Stenodactylus grandiceps;4.87;NA;Reptilia;Least Concern;LC;not_threatened
Tarentola angustimentalis;13.26;NA;Reptilia;Least Concern;LC;not_threatened
Tarentola boettgeri;10.75;NA;Reptilia;Least Concern;LC;not_threatened
Tarentola delalandii;15.31;NA;Reptilia;Least Concern;LC;not_threatened
Tarentola gomerensis;11.40;NA;Reptilia;Least Concern;LC;not_threatened
Tarentola mauritanica;16.41;NA;Reptilia;Least Concern;LC;not_threatened
Teira dugesii;12.27;NA;Reptilia;Least Concern;LC;not_threatened
Telescopus fallax;186.23;NA;Reptilia;Least Concern;LC;not_threatened
Telescopus nigriceps;32.04;NA;Reptilia;Least Concern;LC;not_threatened
Testudo marginata;10955.81;NA;Reptilia;Least Concern;LC;not_threatened
Timon princeps;72.68;NA;Reptilia;Least Concern;LC;not_threatened
Trapelus agilis;52.98;NA;Reptilia;Least Concern;LC;not_threatened
Varanus griseus;5542.07;NA;Reptilia;Least Concern;LC;not_threatened
Vipera ammodytes;687.79;NA;Reptilia;Least Concern;LC;not_threatened
Vipera aspis;324.79;NA;Reptilia;Least Concern;LC;not_threatened
Vipera berus;227.40;NA;Reptilia;Least Concern;LC;not_threatened
Vipera seoanei;184.60;NA;Reptilia;Least Concern;LC;not_threatened
Zamenis hohenackeri;58.40;NA;Reptilia;Least Concern;LC;not_threatened
Zamenis longissimus;681.26;NA;Reptilia;Least Concern;LC;not_threatened
Zamenis situla;117.22;NA;Reptilia;Least Concern;LC;not_threatened
Zootoca vivipara;10.69;NA;Reptilia;Least Concern;LC;not_threatened
Algyroides moreoticus;3.01;NA;Reptilia;Near Threatened;NT;not_threatened
Anguis cephallonica;75.82;NA;Reptilia;Near Threatened;NT;not_threatened
Archaeolacerta bedriagae;14.05;NA;Reptilia;Near Threatened;NT;not_threatened
Chalcides bedriagai;20.04;NA;Reptilia;Near Threatened;NT;not_threatened
Darevskia dahli;6.12;NA;Reptilia;Near Threatened;NT;not_threatened
Darevskia derjugini;6.41;NA;Reptilia;Near Threatened;NT;not_threatened
Darevskia mixta;5.85;NA;Reptilia;Near Threatened;NT;not_threatened
Darevskia praticola;6.71;NA;Reptilia;Near Threatened;NT;not_threatened
Darevskia unisexualis;9.03;NA;Reptilia;Near Threatened;NT;not_threatened
Elaphe quatuorlineata;681.26;NA;Reptilia;Near Threatened;NT;not_threatened
Euleptes europaea;2.10;NA;Reptilia;Near Threatened;NT;not_threatened
Hellenolacerta graeca;14.15;NA;Reptilia;Near Threatened;NT;not_threatened
Iberolacerta bonnali;6.52;NA;Reptilia;Near Threatened;NT;not_threatened
Iberolacerta galani;14.15;NA;Reptilia;Near Threatened;NT;not_threatened
Iberolacerta horvathi;6.41;NA;Reptilia;Near Threatened;NT;not_threatened
Lacerta schreiberi;75.62;NA;Reptilia;Near Threatened;NT;not_threatened
Macroprotodon brevis;20.17;NA;Reptilia;Near Threatened;NT;not_threatened
Montivipera raddei;687.79;NA;Reptilia;Near Threatened;NT;not_threatened
Podarcis pityusensis;12.73;NA;Reptilia;Near Threatened;NT;not_threatened
Testudo hermanni;7363.23;NA;Reptilia;Near Threatened;NT;not_threatened
Timon lepidus;383.34;NA;Reptilia;Near Threatened;NT;not_threatened
Vipera renardi;192.38;NA;Reptilia;Near Threatened;NT;not_threatened
Darevskia dryada;8.81;NA;Reptilia;Critically Endangered;CE;threatened
Eremias pleskei;5.06;NA;Reptilia;Critically Endangered;CE;threatened
Gallotia bravoana;209.90;NA;Reptilia;Critically Endangered;CE;threatened
Gallotia intermedia;117.18;NA;Reptilia;Critically Endangered;CE;threatened
Gallotia simonyi;2671.63;NA;Reptilia;Critically Endangered;CE;threatened
Iberolacerta martinezricai;7.75;NA;Reptilia;Critically Endangered;CE;threatened
Montivipera wagneri;448.93;NA;Reptilia;Critically Endangered;CE;threatened
Podarcis raffonei;14.15;NA;Reptilia;Critically Endangered;CE;threatened
Vipera darevskii;41.75;NA;Reptilia;Critically Endangered;CE;threatened
Acanthodactylus schreiberi;18.45;NA;Reptilia;Endangered;EN;threatened
Algyroides marchi;3.51;NA;Reptilia;Endangered;EN;threatened
Chalcides simonyi;43.68;NA;Reptilia;Endangered;EN;threatened
Darevskia bendimahiensis;6.12;NA;Reptilia;Endangered;EN;threatened
Darevskia clarkorum;8.42;NA;Reptilia;Endangered;EN;threatened
Darevskia uzzelli;7.01;NA;Reptilia;Endangered;EN;threatened
Iberolacerta aranica;6.97;NA;Reptilia;Endangered;EN;threatened
Iberolacerta aurelioi;6.48;NA;Reptilia;Endangered;EN;threatened
Iberolacerta cyreni;17.30;NA;Reptilia;Endangered;EN;threatened
Macrovipera schweizeri;634.61;NA;Reptilia;Endangered;EN;threatened
Montivipera albizona;252.93;NA;Reptilia;Endangered;EN;threatened
Podarcis carbonelli;6.41;NA;Reptilia;Endangered;EN;threatened
Podarcis lilfordi;12.27;NA;Reptilia;Endangered;EN;threatened
Rafetus euphraticus;24993.30;NA;Reptilia;Endangered;EN;threatened
Vipera kaznakovi;184.60;NA;Reptilia;Endangered;EN;threatened
Darevskia alpina;7.32;NA;Reptilia;Vulnerable;VU;threatened
Dinarolacerta mosorensis;11.83;NA;Reptilia;Vulnerable;VU;threatened
Iberolacerta monticola;13.95;NA;Reptilia;Vulnerable;VU;threatened
Phrynocephalus persicus;6.84;NA;Reptilia;Vulnerable;VU;threatened
Podarcis gaigeae;22.86;NA;Reptilia;Vulnerable;VU;threatened
Podarcis milensis;9.78;NA;Reptilia;Vulnerable;VU;threatened
Testudo graeca;4980.95;NA;Reptilia;Vulnerable;VU;threatened
Trionyx triunguis;111953.71;NA;Reptilia;Vulnerable;VU;threatened
Vipera dinniki;112.25;NA;Reptilia;Vulnerable;VU;threatened
Vipera eriwanensis;73.46;NA;Reptilia;Vulnerable;VU;threatened
Vipera latastei;200.37;NA;Reptilia;Vulnerable;VU;threatened
Vipera ursinii;117.87;NA;Reptilia;Vulnerable;VU;threatened
